order_id,distance_km,package_weight_kg,traffic_index,weather,time_of_day,driver_experience_years,vehicle_type,shipment_volume,delivery_time_min,cost_inr,distance_km_norm,package_weight_kg_norm,traffic_index_norm,driver_experience_years_norm,shipment_volume_norm
ORD1000,6.58,2.02,1,Clear,Afternoon,6.5,Truck,2,34.2,88.63,0.32553509208561476,0.07718894009216591,0.0,0.5338983050847457,0.16666666666666666
ORD1001,4.21,1.13,6,Rain,Evening,9.0,Bike,2,35.0,42.94,0.20756595321055252,0.04301075268817204,0.5555555555555556,0.7457627118644068,0.16666666666666666
ORD1002,3.91,3.14,4,Fog,Evening,2.2,Van,3,37.9,50.67,0.19263315082130414,0.12019969278033796,0.3333333333333333,0.1694915254237288,0.3333333333333333
ORD1003,3.91,8.52,4,Clear,Night,2.5,Bike,2,29.6,50.25,0.19263315082130414,0.32680491551459295,0.3333333333333333,0.19491525423728812,0.16666666666666666
ORD1004,12.41,0.83,6,Fog,Afternoon,10.7,Bike,1,53.8,60.97,0.6157292185166751,0.0314900153609831,0.5555555555555556,0.8898305084745762,0.0
ORD1005,7.81,3.41,7,Clear,Morning,9.0,Van,1,40.1,76.3,0.3867595818815331,0.13056835637480801,0.6666666666666666,0.7457627118644068,0.0
ORD1006,3.24,3.49,9,Clear,Night,10.9,Bike,2,30.3,31.45,0.1592832254853161,0.13364055299539174,0.8888888888888888,0.9067796610169492,0.16666666666666666
ORD1007,6.78,4.62,10,Clear,Night,9.2,Bike,2,37.7,54.79,0.335490293678447,0.17703533026113674,1.0,0.7627118644067796,0.16666666666666666
ORD1008,5.54,0.49,5,Clear,Morning,7.2,Bike,2,33.7,48.79,0.273768043802887,0.018433179723502304,0.4444444444444444,0.5932203389830508,0.16666666666666666
ORD1009,0.71,4.4,9,Clear,Night,7.9,Bike,5,34.5,31.7,0.03334992533598805,0.16858678955453152,0.8888888888888888,0.6525423728813559,0.6666666666666666
ORD1010,4.6,8.39,4,Clear,Afternoon,10.7,Van,1,17.5,62.06,0.22697859631657538,0.3218125960061444,0.3333333333333333,0.8898305084745762,0.0
ORD1011,5.82,0.69,10,Clear,Evening,7.0,Truck,3,48.3,91.08,0.2877053260328522,0.026113671274961597,1.0,0.5762711864406779,0.3333333333333333
ORD1012,11.68,0.95,2,Rain,Afternoon,7.7,Bike,6,65.5,65.86,0.5793927327028373,0.03609831029185868,0.1111111111111111,0.635593220338983,0.8333333333333334
ORD1013,3.94,2.565,3,Rain,Morning,2.0,Bike,2,36.4,56.2,0.19412643106022898,0.09811827956989248,0.2222222222222222,0.15254237288135591,0.16666666666666666
ORD1014,3.04,0.7,1,Clear,Morning,5.8,Bike,1,15.8,23.19,0.1493280238924838,0.026497695852534562,0.0,0.47457627118644063,0.0
ORD1015,5.06,6.74,6,Clear,Night,8.7,Bike,2,31.8,45.93,0.2498755599800896,0.2584485407066052,0.5555555555555556,0.7203389830508474,0.16666666666666666
ORD1016,2.9,2.37,6,Clear,Afternoon,3.4,Van,1,32.8,57.7,0.14235938277750124,0.09062980030721968,0.5555555555555556,0.27118644067796605,0.0
ORD1017,3.74,0.99,1,Clear,Afternoon,2.6,Van,1,21.8,50.27,0.18417122946739672,0.03763440860215054,0.0,0.20338983050847456,0.0
ORD1018,4.62,7.16,3,Clear,Morning,3.9,Bike,4,33.4,38.8,0.22797411647585863,0.2745775729646698,0.2222222222222222,0.31355932203389825,0.5
ORD1019,1.91,2.06,5,Clear,Afternoon,3.0,Bike,3,25.0,39.18,0.09308113489298157,0.07872503840245777,0.4444444444444444,0.23728813559322032,0.3333333333333333
ORD1020,8.08,2.53,3,Clear,Morning,2.7,Bike,2,34.3,58.54,0.4001991040318567,0.0967741935483871,0.2222222222222222,0.211864406779661,0.16666666666666666
ORD1021,1.62,1.56,10,Fog,Afternoon,5.2,Van,4,39.0,47.97,0.07864609258337482,0.05952380952380953,1.0,0.423728813559322,0.5
ORD1022,1.44,3.15,3,Clear,Afternoon,10.9,Truck,5,30.4,65.87,0.06968641114982578,0.12058371735791092,0.2222222222222222,0.9067796610169492,0.6666666666666666
ORD1023,5.37,2.565,10,Clear,Afternoon,6.15,Bike,1,37.2,43.4,0.2653061224489796,0.09811827956989248,1.0,0.5042372881355932,0.0
ORD1024,7.67,1.74,3,Clear,Morning,2.4,Bike,4,34.3,54.11,0.3797909407665505,0.0664362519201229,0.2222222222222222,0.18644067796610167,0.5
ORD1025,5.28,12.21,5,Clear,Night,1.1,Truck,2,51.4,96.38,0.26082628173220507,0.46850998463901694,0.4444444444444444,0.07627118644067797,0.16666666666666666
ORD1026,4.28,1.05,5,Clear,Afternoon,8.4,Truck,3,39.7,78.7,0.2110502737680438,0.03993855606758833,0.4444444444444444,0.6949152542372882,0.3333333333333333
ORD1027,3.71,3.74,4,Clear,Morning,4.7,Bike,1,22.7,31.69,0.1826779492284719,0.14324116743471585,0.3333333333333333,0.3813559322033898,0.0
ORD1028,3.26,1.38,1,Clear,Morning,9.9,Bike,2,13.9,32.03,0.1602787456445993,0.05261136712749616,0.0,0.8220338983050848,0.16666666666666666
ORD1029,9.29,5.2,5,Clear,Afternoon,8.0,Bike,1,41.9,69.69,0.4604280736684918,0.1993087557603687,0.4444444444444444,0.6610169491525423,0.0
ORD1030,5.86,0.49,10,Fog,Afternoon,9.6,Van,4,54.1,56.61,0.28969636635141865,0.018433179723502304,1.0,0.7966101694915254,0.5
ORD1031,3.47,12.25,5,Rain,Night,3.4,Bike,3,32.3,60.49,0.17073170731707318,0.4700460829493088,0.4444444444444444,0.27118644067796605,0.3333333333333333
ORD1032,2.72,2.12,4,Clear,Morning,8.4,Bike,3,30.0,25.42,0.13339970134395224,0.08102918586789556,0.3333333333333333,0.6949152542372882,0.3333333333333333
ORD1033,7.08,0.94,6,Clear,Morning,3.3,Van,1,35.8,64.85,0.3504230960676954,0.03571428571428571,0.5555555555555556,0.2627118644067796,0.0
ORD1034,9.15,0.27,10,Clear,Evening,11.3,Bike,2,48.5,53.55,0.4534594325535093,0.009984639016897083,1.0,0.940677966101695,0.16666666666666666
ORD1035,8.63,0.65,4,Clear,Morning,7.7,Van,2,40.7,71.32,0.42757590841214543,0.02457757296466974,0.3333333333333333,0.635593220338983,0.16666666666666666
ORD1036,2.35,2.57,7,Clear,Night,4.0,Bike,3,35.5,38.58,0.11498257839721254,0.09831029185867896,0.6666666666666666,0.3220338983050847,0.3333333333333333
ORD1037,4.87,1.44,7,Clear,Evening,3.4,Bike,4,33.1,30.74,0.24041811846689895,0.05491551459293395,0.6666666666666666,0.27118644067796605,0.5
ORD1038,3.21,6.18,2,Clear,Evening,2.5,Van,4,34.5,55.5,0.15778994524639123,0.2369431643625192,0.1111111111111111,0.19491525423728812,0.5
ORD1039,4.06,1.97,3,Clear,Evening,8.4,Bike,3,25.5,41.28,0.2000995520159283,0.07526881720430108,0.2222222222222222,0.6949152542372882,0.3333333333333333
ORD1040,8.03,1.0,1,Clear,Afternoon,2.8,Truck,1,34.3,95.69,0.39771030363364857,0.038018433179723504,0.0,0.22033898305084743,0.0
ORD1041,11.0,3.36,8,Fog,Afternoon,7.2,Van,3,64.9,87.12,0.5455450472872077,0.12864823348694318,0.7777777777777778,0.5932203389830508,0.3333333333333333
ORD1042,6.01,4.29,9,Fog,Morning,3.3,Bike,1,44.9,44.85,0.2971627675460428,0.1643625192012289,0.8888888888888888,0.2627118644067796,0.0
ORD1043,2.79,0.64,4,Rain,Evening,8.0,Van,3,29.0,47.32,0.1368840219014435,0.024193548387096774,0.3333333333333333,0.6610169491525423,0.3333333333333333
ORD1044,4.55,0.64,6,Clear,Night,9.8,Bike,4,33.2,43.73,0.22448979591836735,0.024193548387096774,0.5555555555555556,0.8135593220338984,0.5
ORD1045,12.31,0.13,9,Rain,Afternoon,9.4,Truck,2,71.64999999999999,103.85,0.6107516177202589,0.004608294930875577,0.8888888888888888,0.7796610169491526,0.16666666666666666
ORD1046,4.97,4.67,6,Clear,Night,9.2,Bike,4,37.1,42.39,0.24539571926331508,0.17895545314900155,0.5555555555555556,0.7627118644067796,0.5
ORD1047,3.72,3.82,9,Rain,Night,2.4,Van,2,47.2,47.28,0.1831757093081135,0.14631336405529954,0.8888888888888888,0.18644067796610167,0.16666666666666666
ORD1048,3.96,2.25,4,Clear,Afternoon,1.2,Bike,1,21.4,40.69,0.1951219512195122,0.08602150537634409,0.3333333333333333,0.0847457627118644,0.0
ORD1049,6.0,6.51,8,Rain,Afternoon,8.4,Bike,4,54.7,59.09,0.2966650074664012,0.24961597542242706,0.7777777777777778,0.6949152542372882,0.5
ORD1050,2.41,5.73,9,Clear,Afternoon,4.5,Van,1,28.9,52.8,0.11796913887506223,0.21966205837173583,0.8888888888888888,0.3644067796610169,0.0
ORD1051,3.15,3.08,4,Rain,Afternoon,5.3,Van,3,23.9,47.82,0.15480338476854155,0.11789554531490017,0.3333333333333333,0.43220338983050843,0.3333333333333333
ORD1052,8.54,7.09,5,Fog,Evening,0.6,Bike,3,52.6,59.62,0.42309606769537084,0.271889400921659,0.4444444444444444,0.033898305084745756,0.3333333333333333
ORD1053,5.88,0.81,8,Clear,Evening,3.3,Bike,4,39.6,42.43,0.2906918865107018,0.030721966205837177,0.7777777777777778,0.2627118644067796,0.5
ORD1054,5.01,0.42,10,Clear,Evening,0.6,Van,1,42.0,55.17,0.24738675958188153,0.01574500768049155,1.0,0.033898305084745756,0.0
ORD1055,8.82,1.1,6,Fog,Evening,10.6,Truck,4,66.9,103.25,0.43703334992533605,0.04185867895545315,0.5555555555555556,0.8813559322033898,0.5
ORD1056,2.66,0.21,7,Clear,Morning,3.1,Bike,3,36.0,26.14,0.13041314086610253,0.007680491551459293,0.6666666666666666,0.24576271186440676,0.3333333333333333
ORD1057,3.63,2.65,3,Rain,Evening,6.8,Bike,3,31.7,39.4,0.17869586859133896,0.10138248847926268,0.2222222222222222,0.559322033898305,0.3333333333333333
ORD1058,5.75,9.65,7,Clear,Afternoon,0.7,Bike,4,40.7,55.1,0.2842210054753609,0.370199692780338,0.6666666666666666,0.042372881355932195,0.5
ORD1059,5.62,0.14,8,Clear,Night,8.1,Truck,2,45.4,80.09,0.2777501244400199,0.004992319508448541,0.7777777777777778,0.6694915254237287,0.16666666666666666
ORD1060,1.31,0.46,10,Clear,Evening,4.0,Bike,2,25.4,22.54,0.06321553011448482,0.01728110599078341,1.0,0.3220338983050847,0.16666666666666666
ORD1061,4.87,2.11,6,Clear,Morning,10.8,Bike,2,25.9,37.0,0.24041811846689895,0.08064516129032259,0.5555555555555556,0.8983050847457628,0.16666666666666666
ORD1062,4.14,9.51,10,Rain,Afternoon,10.7,Van,1,44.2,71.23,0.2040816326530612,0.36482334869431643,1.0,0.8898305084745762,0.0
ORD1063,6.19,1.33,9,Clear,Night,4.0,Bike,3,43.5,44.73,0.30612244897959184,0.05069124423963134,0.8888888888888888,0.3220338983050847,0.3333333333333333
ORD1064,5.6,2.48,6,Clear,Night,10.8,Bike,2,28.1,39.22,0.27675460428073667,0.09485407066052229,0.5555555555555556,0.8983050847457628,0.16666666666666666
ORD1065,4.42,0.15,9,Clear,Evening,12.0,Bike,2,36.5,41.79,0.21801891488302638,0.005376344086021505,0.8888888888888888,1.0,0.16666666666666666
ORD1066,0.7,2.565,4,Clear,Night,6.15,Bike,3,11.8,43.4,0.03285216525634644,0.09811827956989248,0.3333333333333333,0.5042372881355932,0.3333333333333333
ORD1067,4.87,15.1,8,Rain,Evening,10.2,Bike,1,46.7,61.19,0.24041811846689895,0.5794930875576036,0.7777777777777778,0.847457627118644,0.0
ORD1068,4.88,11.75,4,Fog,Evening,3.1,Van,2,35.9,73.0,0.24091587854654056,0.45084485407066055,0.3333333333333333,0.24576271186440676,0.16666666666666666
ORD1069,19.15,0.02,2,Clear,Afternoon,7.0,Bike,1,67.6,97.67,0.9512195121951219,0.00038402457757296467,0.1111111111111111,0.5762711864406779,0.0
ORD1070,4.04,10.61,10,Rain,Afternoon,1.0,Van,3,50.6,65.45,0.1991040318566451,0.40706605222734255,1.0,0.06779661016949153,0.3333333333333333
ORD1071,5.77,3.57,9,Rain,Morning,1.3,Van,3,56.1,67.69,0.28521652563464406,0.13671274961597543,0.8888888888888888,0.09322033898305085,0.3333333333333333
ORD1072,9.76,7.09,5,Clear,Afternoon,12.0,Van,3,53.0,68.72,0.48382279741164763,0.271889400921659,0.4444444444444444,1.0,0.3333333333333333
ORD1073,7.73,2.12,4,Fog,Afternoon,4.1,Bike,2,41.8,59.33,0.38277750124440024,0.08102918586789556,0.3333333333333333,0.33050847457627114,0.16666666666666666
ORD1074,11.29,2.54,2,Clear,Evening,9.0,Bike,3,40.3,64.67,0.5599800895968143,0.09715821812596008,0.1111111111111111,0.7457627118644068,0.3333333333333333
ORD1075,1.33,2.35,1,Clear,Afternoon,9.7,Bike,4,15.5,29.15,0.06421105027376804,0.08986175115207375,0.0,0.8050847457627118,0.5
ORD1076,2.04,3.85,7,Rain,Evening,10.3,Bike,2,28.5,34.12,0.09955201592832255,0.14746543778801846,0.6666666666666666,0.8559322033898306,0.16666666666666666
ORD1077,2.99,0.53,6,Clear,Evening,12.0,Bike,1,18.5,37.73,0.14683922349427578,0.019969278033794165,0.5555555555555556,1.0,0.0
ORD1078,1.12,0.11,2,Rain,Afternoon,3.0,Van,2,25.1,40.86,0.05375808860129418,0.003840245775729647,0.1111111111111111,0.23728813559322032,0.16666666666666666
ORD1079,4.9,1.29,8,Rain,Morning,0.7,Bike,1,48.3,36.37,0.24191139870582382,0.04915514592933948,0.7777777777777778,0.042372881355932195,0.0
ORD1080,2.18,4.27,4,Clear,Morning,5.1,Bike,4,24.0,25.54,0.10652065704330513,0.16359447004608293,0.3333333333333333,0.41525423728813554,0.5
ORD1081,12.21,0.79,8,Rain,Night,1.7,Bike,1,65.1,68.72,0.6057740169238428,0.029953917050691246,0.7777777777777778,0.1271186440677966,0.0
ORD1082,2.47,3.92,7,Clear,Night,0.5,Van,1,31.6,41.46,0.12095569935291191,0.15015360983102918,0.6666666666666666,0.02542372881355932,0.0
ORD1083,3.65,12.26,5,Clear,Afternoon,4.5,Bike,4,33.8,48.58,0.17969138875062218,0.47043010752688175,0.4444444444444444,0.3644067796610169,0.5
ORD1084,8.03,0.35,10,Clear,Morning,9.4,Van,2,51.3,67.79,0.39771030363364857,0.013056835637480798,1.0,0.7796610169491526,0.16666666666666666
ORD1085,1.6,3.91,10,Fog,Evening,6.9,Bike,2,38.4,27.14,0.0776505724240916,0.14976958525345624,1.0,0.5677966101694915,0.16666666666666666
ORD1086,1.05,2.05,8,Clear,Night,3.9,Truck,2,29.8,67.69,0.05027376804380289,0.0783410138248848,0.7777777777777778,0.31355932203389825,0.16666666666666666
ORD1087,5.33,7.09,9,Clear,Evening,7.9,Truck,1,31.7,91.84,0.26331508213041316,0.271889400921659,0.8888888888888888,0.6525423728813559,0.0
ORD1088,5.61,0.68,5,Rain,Night,2.9,Bike,2,37.4,40.94,0.2772523643603783,0.025729646697388635,0.4444444444444444,0.22881355932203387,0.16666666666666666
ORD1089,7.88,4.13,10,Rain,Afternoon,0.4,Bike,1,61.8,45.17,0.3902439024390244,0.15821812596006146,1.0,0.01694915254237288,0.0
ORD1090,6.69,6.37,5,Rain,Morning,9.2,Bike,1,41.9,49.18,0.3310104529616725,0.24423963133640555,0.4444444444444444,0.7627118644067796,0.0
ORD1091,5.76,10.13,2,Clear,Night,7.6,Bike,1,25.5,60.6,0.2847187655550025,0.3886328725038403,0.1111111111111111,0.6271186440677965,0.0
ORD1092,2.71,4.02,5,Clear,Morning,9.2,Van,3,31.5,56.43,0.1329019412643106,0.15399385560675882,0.4444444444444444,0.7627118644067796,0.3333333333333333
ORD1093,5.51,2.41,3,Clear,Evening,0.7,Van,3,33.8,52.56,0.2722747635639622,0.09216589861751154,0.2222222222222222,0.042372881355932195,0.3333333333333333
ORD1094,5.74,3.37,7,Rain,Afternoon,10.1,Van,3,39.8,60.09,0.28372324539571925,0.12903225806451615,0.6666666666666666,0.8389830508474576,0.3333333333333333
ORD1095,2.63,7.11,10,Clear,Morning,7.5,Van,4,33.4,62.07,0.1289198606271777,0.2726574500768049,1.0,0.6186440677966101,0.5
ORD1096,14.38,2.96,5,Clear,Afternoon,6.8,Bike,3,62.1,79.25,0.7137879542060728,0.11328725038402458,0.4444444444444444,0.559322033898305,0.3333333333333333
ORD1097,6.48,0.11,8,Fog,Morning,7.6,Bike,4,47.6,44.82,0.32055749128919864,0.003840245775729647,0.7777777777777778,0.6271186440677965,0.5
ORD1098,2.07,9.36,1,Clear,Evening,10.4,Van,2,23.1,64.94,0.10104529616724738,0.35906298003072196,0.0,0.864406779661017,0.16666666666666666
ORD1099,7.9,4.09,3,Fog,Evening,7.1,Bike,1,36.1,55.51,0.39123942259830763,0.1566820276497696,0.2222222222222222,0.5847457627118643,0.0
ORD1100,8.79,3.95,3,Rain,Afternoon,7.1,Van,2,48.5,75.32,0.4355400696864112,0.1513056835637481,0.2222222222222222,0.5847457627118643,0.16666666666666666
ORD1101,6.22,0.85,9,Rain,Evening,11.9,Bike,3,45.1,44.61,0.30761572921851665,0.03225806451612903,0.8888888888888888,0.9915254237288136,0.3333333333333333
ORD1102,3.88,3.76,5,Clear,Night,9.1,Bike,1,21.3,49.2,0.1911398705823793,0.14400921658986177,0.4444444444444444,0.7542372881355932,0.0
ORD1103,2.54,1.75,9,Clear,Morning,5.4,Truck,2,29.3,75.52,0.12444001991040318,0.06682027649769585,0.8888888888888888,0.4406779661016949,0.16666666666666666
ORD1104,4.41,3.69,9,Rain,Evening,8.5,Bike,1,39.8,42.15,0.21752115480338477,0.14132104454685102,0.8888888888888888,0.7033898305084746,0.0
ORD1105,5.93,0.39,1,Rain,Night,4.8,Truck,1,39.5,82.87,0.2931806869089099,0.014592933947772658,0.0,0.38983050847457623,0.0
ORD1106,4.71,3.75,2,Rain,Afternoon,2.9,Truck,1,39.1,88.1,0.23245395719263315,0.1436251920122888,0.1111111111111111,0.22881355932203387,0.0
ORD1107,11.6,26.05,5,Clear,Night,7.2,Van,2,70.5,126.09,0.5754106520657044,1.0,0.4444444444444444,0.5932203389830508,0.16666666666666666
ORD1108,7.15,0.17,4,Rain,Afternoon,11.2,Van,2,50.8,59.92,0.35390741662518665,0.006144393241167435,0.3333333333333333,0.9322033898305084,0.16666666666666666
ORD1109,2.31,13.23,10,Rain,Afternoon,11.2,Van,4,45.5,67.98,0.11299153807864609,0.5076804915514593,1.0,0.9322033898305084,0.5
ORD1110,1.88,1.83,9,Rain,Morning,4.2,Truck,1,34.1,69.89,0.09158785465405674,0.06989247311827958,0.8888888888888888,0.3389830508474576,0.0
ORD1111,6.52,7.16,7,Rain,Morning,6.4,Bike,2,48.0,56.25,0.32254853160776503,0.2745775729646698,0.6666666666666666,0.5254237288135593,0.16666666666666666
ORD1112,3.94,5.34,6,Rain,Night,2.7,Bike,2,40.7,38.14,0.19412643106022898,0.2046850998463902,0.5555555555555556,0.211864406779661,0.16666666666666666
ORD1113,7.55,2.93,7,Clear,Morning,11.9,Van,2,38.6,69.11,0.37381781981085116,0.1121351766513057,0.6666666666666666,0.9915254237288136,0.16666666666666666
ORD1114,6.48,4.69,1,Clear,Morning,11.8,Bike,2,22.4,47.1,0.32055749128919864,0.1797235023041475,0.0,0.9830508474576272,0.16666666666666666
ORD1115,4.42,7.38,1,Clear,Morning,7.9,Bike,2,28.0,42.24,0.21801891488302638,0.28302611367127495,0.0,0.6525423728813559,0.16666666666666666
ORD1116,2.33,1.81,8,Clear,Night,9.7,Bike,1,21.9,32.39,0.11398705823792932,0.06912442396313365,0.7777777777777778,0.8050847457627118,0.0
ORD1117,1.17,1.39,2,Clear,Evening,8.6,Van,2,16.4,40.22,0.05624688899950223,0.052995391705069124,0.1111111111111111,0.711864406779661,0.16666666666666666
ORD1118,5.44,3.85,10,Clear,Morning,7.2,Truck,3,46.2,82.12,0.2687904430064709,0.14746543778801846,1.0,0.5932203389830508,0.3333333333333333
ORD1119,1.57,5.77,9,Clear,Morning,0.8,Bike,2,28.9,44.13,0.07615729218516676,0.22119815668202764,0.8888888888888888,0.05084745762711865,0.16666666666666666
ORD1120,2.25,5.03,7,Clear,Night,5.6,Truck,2,32.3,71.37,0.11000497760079642,0.1927803379416283,0.6666666666666666,0.45762711864406774,0.16666666666666666
ORD1121,5.21,5.59,6,Clear,Evening,8.2,Van,2,32.6,70.73,0.2573419611747138,0.2142857142857143,0.5555555555555556,0.6779661016949151,0.16666666666666666
ORD1122,4.87,2.0,1,Rain,Morning,8.2,Van,6,45.4,51.07,0.24041811846689895,0.07642089093701997,0.0,0.6779661016949151,0.8333333333333334
ORD1123,1.75,5.96,1,Fog,Afternoon,4.6,Van,1,15.4,53.57,0.08511697361871577,0.228494623655914,0.0,0.37288135593220334,0.0
ORD1124,9.43,0.45,2,Clear,Night,11.3,Van,2,39.3,74.03,0.4673967147834744,0.016897081413210446,0.1111111111111111,0.940677966101695,0.16666666666666666
ORD1125,9.27,2.75,6,Fog,Morning,2.2,Bike,2,50.4,57.91,0.4594325535092086,0.10522273425499233,0.5555555555555556,0.1694915254237288,0.16666666666666666
ORD1126,6.66,0.02,6,Clear,Morning,6.1,Van,2,40.0,63.99,0.32951717272274766,0.00038402457757296467,0.5555555555555556,0.49999999999999994,0.16666666666666666
ORD1127,6.65,1.37,2,Clear,Afternoon,8.4,Bike,2,26.5,48.3,0.329019412643106,0.0522273425499232,0.1111111111111111,0.6949152542372882,0.16666666666666666
ORD1128,6.66,1.6,1,Clear,Afternoon,8.4,Truck,2,37.6,86.31,0.32951717272274766,0.06105990783410139,0.0,0.6949152542372882,0.16666666666666666
ORD1129,8.74,1.77,10,Clear,Night,7.9,Truck,4,57.3,95.07,0.43305126928820314,0.06758832565284179,1.0,0.6525423728813559,0.5
ORD1130,7.26,4.16,5,Rain,Night,3.4,Bike,2,51.6,46.86,0.35938277750124437,0.15937019969278035,0.4444444444444444,0.27118644067796605,0.16666666666666666
ORD1131,2.49,1.72,5,Rain,Afternoon,2.0,Bike,2,71.64999999999999,32.57,0.12195121951219513,0.06566820276497697,0.4444444444444444,0.15254237288135591,0.16666666666666666
ORD1132,3.9,2.08,2,Clear,Night,7.7,Van,1,15.5,48.23,0.19213539074166253,0.0794930875576037,0.1111111111111111,0.635593220338983,0.0
ORD1133,17.88,0.95,6,Clear,Afternoon,7.3,Bike,4,71.64999999999999,94.54,0.8880039820806371,0.03609831029185868,0.5555555555555556,0.6016949152542372,0.5
ORD1134,0.75,1.64,9,Clear,Morning,2.3,Truck,1,71.64999999999999,68.57,0.0353409656545545,0.06259600614439324,0.8888888888888888,0.17796610169491522,0.0
ORD1135,3.23,0.9,2,Clear,Afternoon,8.5,Bike,1,8.2,33.96,0.15878546540567445,0.03417818740399386,0.1111111111111111,0.7033898305084746,0.0
ORD1136,9.46,0.27,10,Clear,Afternoon,5.6,Bike,3,54.8,54.52,0.4688899950223993,0.009984639016897083,1.0,0.45762711864406774,0.3333333333333333
ORD1137,2.63,3.24,2,Clear,Evening,8.1,Truck,2,28.2,80.45,0.1289198606271777,0.12403993855606761,0.1111111111111111,0.6694915254237287,0.16666666666666666
ORD1138,7.39,3.86,3,Rain,Afternoon,10.1,Van,4,53.4,69.79,0.36585365853658536,0.1478494623655914,0.2222222222222222,0.8389830508474576,0.5
ORD1139,4.82,3.38,7,Fog,Afternoon,2.2,Van,2,41.6,53.64,0.23792931806869091,0.1294162826420891,0.6666666666666666,0.1694915254237288,0.16666666666666666
ORD1140,2.78,2.18,6,Clear,Evening,0.4,Bike,1,24.7,31.53,0.13638626182180189,0.08333333333333336,0.5555555555555556,0.01694915254237288,0.0
ORD1141,0.6,1.67,8,Fog,Night,9.4,Van,6,71.64999999999999,42.96,0.02787456445993031,0.06374807987711213,0.7777777777777778,0.7796610169491526,0.8333333333333334
ORD1142,5.33,6.97,8,Clear,Evening,7.4,Van,2,46.1,64.47,0.26331508213041316,0.2672811059907834,0.7777777777777778,0.6101694915254237,0.16666666666666666
ORD1143,2.45,2.56,6,Clear,Morning,8.5,Van,2,22.2,53.52,0.11996017919362868,0.09792626728110601,0.5555555555555556,0.7033898305084746,0.16666666666666666
ORD1144,4.29,2.28,10,Clear,Evening,10.1,Van,1,33.8,52.59,0.21154803384768542,0.08717357910906298,1.0,0.8389830508474576,0.0
ORD1145,6.61,0.09,3,Clear,Morning,9.7,Van,3,30.2,59.73,0.3270283723245396,0.0030721966205837174,0.2222222222222222,0.8050847457627118,0.3333333333333333
ORD1146,8.29,1.46,3,Fog,Night,11.5,Bike,1,31.9,49.78,0.4106520657043305,0.055683563748079874,0.2222222222222222,0.9576271186440678,0.0
ORD1147,3.23,2.565,1,Clear,Evening,6.15,Bike,1,15.2,37.49,0.15878546540567445,0.09811827956989248,0.0,0.5042372881355932,0.0
ORD1148,2.77,1.78,7,Clear,Evening,6.0,Van,1,33.2,49.04,0.13588850174216027,0.06797235023041474,0.6666666666666666,0.4915254237288135,0.0
ORD1149,1.55,3.04,5,Clear,Night,4.9,Bike,2,18.5,24.17,0.07516177202588352,0.1163594470046083,0.4444444444444444,0.3983050847457627,0.16666666666666666
ORD1150,8.56,2.67,4,Clear,Morning,2.0,Van,3,41.6,72.98,0.4240915878546541,0.10215053763440861,0.3333333333333333,0.15254237288135591,0.3333333333333333
ORD1151,16.32,3.28,10,Rain,Evening,7.0,Bike,2,71.64999999999999,76.11,0.8103534096565456,0.12557603686635946,1.0,0.5762711864406779,0.16666666666666666
ORD1152,9.16,5.07,4,Clear,Morning,3.5,Van,3,71.64999999999999,84.97,0.4539571926331509,0.19431643625192016,0.3333333333333333,0.2796610169491525,0.3333333333333333
ORD1153,10.47,5.87,4,Clear,Evening,11.1,Van,1,44.5,86.93,0.5191637630662022,0.2250384024577573,0.3333333333333333,0.923728813559322,0.0
ORD1154,2.64,4.43,6,Clear,Afternoon,7.1,Bike,3,31.9,23.7,0.1294176207068193,0.16973886328725038,0.5555555555555556,0.5847457627118643,0.3333333333333333
ORD1155,6.35,10.89,8,Clear,Evening,7.2,Bike,1,36.7,53.72,0.31408661025385765,0.4178187403993856,0.7777777777777778,0.5932203389830508,0.0
ORD1156,7.84,0.06,8,Clear,Night,4.4,Bike,2,42.0,48.91,0.38825286212045795,0.0019201228878648233,0.7777777777777778,0.3559322033898305,0.16666666666666666
ORD1157,0.04,0.76,5,Rain,Night,0.8,Van,1,26.3,29.74,0.0,0.02880184331797235,0.4444444444444444,0.05084745762711865,0.0
ORD1158,1.97,0.03,6,Clear,Morning,0.6,Van,2,27.3,47.29,0.09606769537083126,0.0007680491551459292,0.5555555555555556,0.033898305084745756,0.16666666666666666
ORD1159,12.76,3.65,4,Rain,Evening,5.2,Bike,2,61.6,79.16,0.6331508213041315,0.13978494623655915,0.3333333333333333,0.423728813559322,0.16666666666666666
ORD1160,1.29,7.99,9,Rain,Morning,1.2,Van,1,33.9,54.2,0.06222000995520159,0.3064516129032258,0.8888888888888888,0.0847457627118644,0.0
ORD1161,11.52,0.98,8,Rain,Morning,7.4,Bike,2,71.64999999999999,54.83,0.5714285714285715,0.037250384024577574,0.7777777777777778,0.6101694915254237,0.16666666666666666
ORD1162,1.28,9.16,10,Clear,Afternoon,10.6,Bike,2,27.0,34.49,0.06172224987555998,0.3513824884792627,1.0,0.8813559322033898,0.16666666666666666
ORD1163,2.05,0.22,10,Clear,Afternoon,10.6,Truck,2,35.2,65.45,0.10004977600796415,0.008064516129032258,1.0,0.8813559322033898,0.16666666666666666
ORD1164,6.43,9.54,1,Clear,Night,8.0,Bike,3,33.2,54.55,0.31806869089099055,0.3659754224270353,0.0,0.6610169491525423,0.3333333333333333
ORD1165,4.91,2.565,2,Clear,Morning,6.15,Bike,2,30.9,43.4,0.2424091587854654,0.09811827956989248,0.1111111111111111,0.5042372881355932,0.16666666666666666
ORD1166,3.47,0.37,9,Clear,Night,10.4,Bike,4,33.7,27.5,0.17073170731707318,0.013824884792626727,0.8888888888888888,0.864406779661017,0.5
ORD1167,12.45,2.33,8,Clear,Evening,10.7,Bike,2,53.5,74.86,0.6177202588352414,0.08909370199692782,0.7777777777777778,0.8898305084745762,0.16666666666666666
ORD1168,1.59,1.04,3,Clear,Morning,2.5,Bike,1,15.5,30.07,0.07715281234444998,0.039554531490015366,0.2222222222222222,0.19491525423728812,0.0
ORD1169,4.17,1.17,8,Clear,Morning,8.9,Bike,3,31.6,40.67,0.20557491289198607,0.0445468509984639,0.7777777777777778,0.7372881355932204,0.3333333333333333
ORD1170,6.98,1.29,1,Clear,Evening,3.6,Van,3,34.8,65.56,0.34544549527127927,0.04915514592933948,0.0,0.28813559322033894,0.3333333333333333
ORD1171,5.69,5.69,10,Clear,Evening,9.7,Bike,4,40.3,60.43,0.2812344449975112,0.21812596006144397,1.0,0.8050847457627118,0.5
ORD1172,2.85,2.71,4,Rain,Night,12.0,Van,2,27.6,56.73,0.13987058237929317,0.10368663594470047,0.3333333333333333,1.0,0.16666666666666666
ORD1173,2.93,1.31,3,Clear,Night,0.6,Bike,1,13.3,31.76,0.1438526630164261,0.04992319508448541,0.2222222222222222,0.033898305084745756,0.0
ORD1174,8.21,3.3,6,Clear,Evening,10.8,Bike,4,40.9,55.02,0.4066699850671977,0.12634408602150538,0.5555555555555556,0.8983050847457628,0.5
ORD1175,8.46,4.41,7,Clear,Night,7.5,Van,3,38.7,83.84,0.419113987058238,0.16897081413210446,0.6666666666666666,0.6186440677966101,0.3333333333333333
ORD1176,5.8,1.11,4,Clear,Evening,11.7,Truck,3,71.64999999999999,91.06,0.2867098058735689,0.042242703533026116,0.3333333333333333,0.9745762711864406,0.3333333333333333
ORD1177,2.37,1.87,7,Clear,Morning,5.7,Bike,3,24.6,23.71,0.11597809855649577,0.07142857142857144,0.6666666666666666,0.4661016949152542,0.3333333333333333
ORD1178,3.0,0.45,9,Rain,Morning,10.2,Truck,3,47.7,78.7,0.14733698357391736,0.016897081413210446,0.8888888888888888,0.847457627118644,0.3333333333333333
ORD1179,4.6,0.7,2,Clear,Afternoon,0.9,Van,6,35.0,54.6,0.22697859631657538,0.026497695852534562,0.1111111111111111,0.05932203389830508,0.8333333333333334
ORD1180,5.08,4.0,3,Rain,Morning,4.2,Van,2,44.3,58.03,0.2508710801393728,0.1532258064516129,0.2222222222222222,0.3389830508474576,0.16666666666666666
ORD1181,6.8,0.7,5,Clear,Evening,1.0,Van,3,51.4,54.71,0.3364858138377302,0.026497695852534562,0.4444444444444444,0.06779661016949153,0.3333333333333333
ORD1182,4.01,2.61,3,Clear,Night,11.7,Bike,3,27.3,37.41,0.19761075161772024,0.09984639016897082,0.2222222222222222,0.9745762711864406,0.3333333333333333
ORD1183,8.09,4.32,8,Rain,Afternoon,9.8,Bike,1,49.0,58.4,0.4006968641114983,0.1655145929339478,0.7777777777777778,0.8135593220338984,0.0
ORD1184,8.03,0.4,10,Clear,Night,10.3,Van,3,48.5,77.26,0.39771030363364857,0.014976958525345623,1.0,0.8559322033898306,0.3333333333333333
ORD1185,10.7,2.93,8,Clear,Evening,11.3,Bike,2,54.3,72.12,0.5306122448979592,0.1121351766513057,0.7777777777777778,0.940677966101695,0.16666666666666666
ORD1186,4.74,1.04,8,Clear,Morning,1.2,Truck,2,36.4,78.55,0.23394723743155799,0.039554531490015366,0.7777777777777778,0.0847457627118644,0.16666666666666666
ORD1187,5.86,11.53,9,Clear,Afternoon,4.8,Bike,5,48.0,61.85,0.28969636635141865,0.44239631336405527,0.8888888888888888,0.38983050847457623,0.6666666666666666
ORD1188,4.24,2.31,4,Rain,Evening,1.0,Bike,4,39.0,43.4,0.20905923344947736,0.08832565284178188,0.3333333333333333,0.06779661016949153,0.5
ORD1189,2.39,5.74,5,Clear,Afternoon,2.7,Van,2,29.1,54.08,0.11697361871577899,0.22004608294930877,0.4444444444444444,0.211864406779661,0.16666666666666666
ORD1190,16.08,2.8,5,Rain,Afternoon,2.9,Bike,1,71.64999999999999,86.8,0.7984071677451468,0.10714285714285715,0.4444444444444444,0.22881355932203387,0.0
ORD1191,9.85,0.16,8,Rain,Morning,5.7,Van,1,56.0,73.95,0.4883026381284221,0.00576036866359447,0.7777777777777778,0.4661016949152542,0.0
ORD1192,7.93,3.51,7,Clear,Evening,3.4,Van,1,42.7,75.5,0.39273270283723244,0.13440860215053763,0.6666666666666666,0.27118644067796605,0.0
ORD1193,4.62,10.58,9,Fog,Night,1.4,Truck,2,56.0,97.34,0.22797411647585863,0.4059139784946237,0.8888888888888888,0.10169491525423728,0.16666666666666666
ORD1194,2.22,3.22,8,Clear,Afternoon,2.2,Van,4,31.6,47.69,0.10851169736187159,0.12327188940092168,0.7777777777777778,0.1694915254237288,0.5
ORD1195,8.85,5.99,2,Fog,Afternoon,1.9,Van,4,56.6,68.06,0.43852663016426086,0.2296466973886329,0.1111111111111111,0.14406779661016947,0.5
ORD1196,4.18,7.55,10,Clear,Night,11.7,Van,3,43.3,57.43,0.20607267297162765,0.28955453149001537,1.0,0.9745762711864406,0.3333333333333333
ORD1197,6.22,0.91,4,Rain,Evening,9.2,Truck,2,47.3,90.59,0.30761572921851665,0.03456221198156682,0.3333333333333333,0.7627118644067796,0.16666666666666666
ORD1198,2.99,0.83,6,Clear,Afternoon,11.6,Bike,2,23.9,21.15,0.14683922349427578,0.0314900153609831,0.5555555555555556,0.9661016949152542,0.16666666666666666
ORD1199,5.55,3.3,2,Clear,Afternoon,5.4,Bike,3,26.4,52.18,0.27426580388252864,0.12634408602150538,0.1111111111111111,0.4406779661016949,0.3333333333333333
ORD1200,3.14,2.565,7,Clear,Afternoon,6.15,Bike,2,25.3,39.14,0.15430562468889997,0.09811827956989248,0.6666666666666666,0.5042372881355932,0.16666666666666666
ORD1201,3.24,2.565,3,Clear,Evening,6.15,Bike,4,31.9,43.4,0.1592832254853161,0.09811827956989248,0.2222222222222222,0.5042372881355932,0.5
ORD1202,5.5,8.06,3,Clear,Evening,4.0,Van,3,37.3,73.18,0.27177700348432055,0.3091397849462366,0.2222222222222222,0.3220338983050847,0.3333333333333333
ORD1203,1.26,1.53,2,Clear,Night,3.7,Van,2,16.6,45.23,0.06072672971627675,0.05837173579109063,0.1111111111111111,0.2966101694915254,0.16666666666666666
ORD1204,1.32,0.95,8,Rain,Evening,2.9,Van,3,36.2,41.38,0.06371329019412643,0.03609831029185868,0.7777777777777778,0.22881355932203387,0.3333333333333333
ORD1205,2.62,5.31,6,Rain,Evening,1.7,Bike,1,36.4,30.1,0.12842210054753608,0.20353302611367127,0.5555555555555556,0.1271186440677966,0.0
ORD1206,3.97,1.12,1,Fog,Morning,3.2,Van,1,25.7,58.19,0.19561971129915381,0.04262672811059908,0.0,0.2542372881355932,0.0
ORD1207,8.25,6.05,1,Rain,Night,4.4,Bike,1,38.5,68.76,0.4086610253857641,0.23195084485407066,0.0,0.3559322033898305,0.0
ORD1208,4.14,1.93,7,Fog,Afternoon,8.2,Van,2,39.4,49.24,0.2040816326530612,0.07373271889400922,0.6666666666666666,0.6779661016949151,0.16666666666666666
ORD1209,4.6,3.85,8,Rain,Evening,0.9,Van,4,47.8,53.04,0.22697859631657538,0.14746543778801846,0.7777777777777778,0.05932203389830508,0.5
ORD1210,3.75,0.35,5,Clear,Afternoon,2.7,Bike,4,23.1,33.59,0.18466898954703834,0.013056835637480798,0.4444444444444444,0.211864406779661,0.5
ORD1211,5.86,3.42,5,Clear,Afternoon,9.7,Bike,1,29.1,44.61,0.28969636635141865,0.13095238095238096,0.4444444444444444,0.8050847457627118,0.0
ORD1212,2.37,2.1,4,Rain,Morning,1.9,Bike,2,27.1,31.83,0.11597809855649577,0.08026113671274963,0.3333333333333333,0.14406779661016947,0.16666666666666666
ORD1213,4.3,3.09,6,Clear,Evening,4.2,Van,2,31.9,63.73,0.21204579392732703,0.11827956989247312,0.5555555555555556,0.3389830508474576,0.16666666666666666
ORD1214,6.18,0.64,6,Clear,Night,10.4,Truck,3,38.7,75.69,0.3056246888999502,0.024193548387096774,0.5555555555555556,0.864406779661017,0.3333333333333333
ORD1215,5.47,4.67,3,Clear,Evening,2.0,Van,2,37.4,72.89,0.2702837232453957,0.17895545314900155,0.2222222222222222,0.15254237288135591,0.16666666666666666
ORD1216,4.71,6.95,9,Fog,Afternoon,1.2,Bike,6,50.5,46.17,0.23245395719263315,0.26651305683563753,0.8888888888888888,0.0847457627118644,0.8333333333333334
ORD1217,4.75,0.86,7,Clear,Night,5.9,Bike,4,33.9,41.8,0.2344449975111996,0.032642089093702,0.6666666666666666,0.4830508474576271,0.5
ORD1218,6.58,0.35,1,Clear,Evening,3.8,Van,2,31.5,66.25,0.32553509208561476,0.013056835637480798,0.0,0.30508474576271183,0.16666666666666666
ORD1219,16.56,0.08,7,Clear,Afternoon,6.8,Van,2,65.1,108.35,0.8222996515679443,0.002688172043010753,0.6666666666666666,0.559322033898305,0.16666666666666666
ORD1220,2.51,3.59,5,Clear,Afternoon,9.7,Bike,2,15.0,34.24,0.12294673967147833,0.13748079877112135,0.4444444444444444,0.8050847457627118,0.16666666666666666
ORD1221,16.85,3.27,5,Clear,Morning,1.8,Bike,1,67.4,95.15,0.8367346938775512,0.1251920122887865,0.4444444444444444,0.13559322033898305,0.0
ORD1222,2.41,2.77,2,Clear,Morning,7.1,Van,3,18.9,50.72,0.11796913887506223,0.10599078341013826,0.1111111111111111,0.5847457627118643,0.3333333333333333
ORD1223,0.52,0.92,4,Clear,Morning,6.2,Bike,2,9.4,18.41,0.023892483822797413,0.03494623655913979,0.3333333333333333,0.5084745762711864,0.16666666666666666
ORD1224,3.09,1.74,6,Rain,Afternoon,1.9,Bike,4,41.8,24.8,0.15181682429069188,0.0664362519201229,0.5555555555555556,0.14406779661016947,0.5
ORD1225,5.93,3.16,10,Clear,Evening,7.6,Bike,2,37.7,41.55,0.2931806869089099,0.12096774193548389,1.0,0.6271186440677965,0.16666666666666666
ORD1226,14.46,2.4,7,Rain,Morning,3.4,Van,1,71.64999999999999,98.81,0.7177700348432057,0.09178187403993857,0.6666666666666666,0.27118644067796605,0.0
ORD1227,2.22,15.42,5,Rain,Evening,6.0,Truck,2,39.4,88.52,0.10851169736187159,0.5917818740399385,0.4444444444444444,0.4915254237288135,0.16666666666666666
ORD1228,6.56,0.51,9,Clear,Morning,1.2,Truck,2,51.5,84.39,0.3245395719263315,0.019201228878648235,0.8888888888888888,0.0847457627118644,0.16666666666666666
ORD1229,1.45,4.16,3,Rain,Night,5.6,Van,3,34.9,56.33,0.07018417122946739,0.15937019969278035,0.2222222222222222,0.45762711864406774,0.3333333333333333
ORD1230,14.13,1.81,1,Clear,Night,3.8,Van,1,44.6,101.36,0.7013439522150324,0.06912442396313365,0.0,0.30508474576271183,0.0
ORD1231,9.97,1.96,4,Rain,Morning,9.9,Bike,4,54.9,61.55,0.4942757590841215,0.0748847926267281,0.3333333333333333,0.8220338983050848,0.5
ORD1232,3.24,2.58,9,Clear,Afternoon,5.449999999999999,Van,2,40.1,58.61,0.1592832254853161,0.09869431643625193,0.8888888888888888,0.44491525423728806,0.16666666666666666
ORD1233,10.99,4.13,4,Rain,Morning,5.1,Bike,1,52.5,68.25,0.545047287207566,0.15821812596006146,0.3333333333333333,0.41525423728813554,0.0
ORD1234,4.29,16.59,2,Clear,Morning,5.6,Van,1,24.1,78.46,0.21154803384768542,0.6367127496159753,0.1111111111111111,0.45762711864406774,0.0
ORD1235,10.3,0.48,10,Clear,Afternoon,8.8,Bike,2,54.7,64.19,0.5107018417122947,0.01804915514592934,1.0,0.728813559322034,0.16666666666666666
ORD1236,4.68,0.38,5,Clear,Night,7.0,Bike,1,29.2,36.14,0.2309606769537083,0.014208909370199693,0.4444444444444444,0.5762711864406779,0.0
ORD1237,4.83,4.51,3,Rain,Evening,8.1,Bike,3,39.9,41.62,0.2384270781483325,0.1728110599078341,0.2222222222222222,0.6694915254237287,0.3333333333333333
ORD1238,3.29,3.02,9,Rain,Morning,9.4,Bike,2,40.8,42.47,0.16177202588352413,0.11559139784946237,0.8888888888888888,0.7796610169491526,0.16666666666666666
ORD1239,7.13,1.12,4,Clear,Afternoon,10.4,Bike,1,30.5,52.7,0.35291189646590343,0.04262672811059908,0.3333333333333333,0.864406779661017,0.0
ORD1240,5.09,0.29,6,Clear,Morning,3.9,Bike,1,25.7,28.54,0.25136884021901446,0.01075268817204301,0.5555555555555556,0.31355932203389825,0.0
ORD1241,6.65,0.31,2,Clear,Afternoon,6.5,Truck,2,39.5,85.05,0.329019412643106,0.01152073732718894,0.1111111111111111,0.5338983050847457,0.16666666666666666
ORD1242,1.14,7.86,6,Rain,Evening,10.1,Bike,1,30.2,30.67,0.054753608760577395,0.3014592933947773,0.5555555555555556,0.8389830508474576,0.0
ORD1243,10.53,0.75,3,Clear,Evening,11.9,Van,3,40.6,77.25,0.5221503235440518,0.028417818740399385,0.2222222222222222,0.9915254237288136,0.3333333333333333
ORD1244,12.22,1.37,9,Rain,Night,10.7,Truck,2,71.64999999999999,117.69,0.6062717770034844,0.0522273425499232,0.8888888888888888,0.8898305084745762,0.16666666666666666
ORD1245,5.07,0.9,2,Clear,Afternoon,4.6,Truck,3,36.7,82.74,0.25037332005973123,0.03417818740399386,0.1111111111111111,0.37288135593220334,0.3333333333333333
ORD1246,15.84,1.53,9,Clear,Afternoon,2.5,Van,2,71.64999999999999,96.87,0.7864609258337482,0.05837173579109063,0.8888888888888888,0.19491525423728812,0.16666666666666666
ORD1247,13.6,0.25,5,Clear,Night,6.0,Van,1,55.9,90.58,0.6749626679940269,0.009216589861751152,0.4444444444444444,0.4915254237288135,0.0
ORD1248,7.24,2.56,8,Clear,Night,9.0,Bike,2,37.3,54.96,0.3583872573419612,0.09792626728110601,0.7777777777777778,0.7457627118644068,0.16666666666666666
ORD1249,11.08,0.25,2,Clear,Afternoon,6.0,Bike,7,49.9,63.81,0.5495271279243406,0.009216589861751152,0.1111111111111111,0.4915254237288135,1.0
ORD1250,9.3,5.64,6,Clear,Night,5.9,Bike,3,43.8,62.3,0.4609258337481335,0.2162058371735791,0.5555555555555556,0.4830508474576271,0.3333333333333333
ORD1251,0.87,0.93,3,Rain,Evening,10.1,Van,2,22.7,41.71,0.041314086610253854,0.035330261136712754,0.2222222222222222,0.8389830508474576,0.16666666666666666
ORD1252,3.81,2.72,10,Clear,Morning,4.5,Van,3,39.3,63.17,0.187655550024888,0.10407066052227344,1.0,0.3644067796610169,0.3333333333333333
ORD1253,7.57,7.42,5,Clear,Evening,10.3,Bike,4,50.4,63.23,0.3748133399701344,0.28456221198156684,0.4444444444444444,0.8559322033898306,0.5
ORD1254,12.73,3.68,8,Clear,Night,5.0,Bike,2,63.2,83.49,0.6316575410652067,0.14093701996927804,0.7777777777777778,0.4067796610169491,0.16666666666666666
ORD1255,1.36,2.66,10,Clear,Afternoon,4.1,Van,3,36.7,41.81,0.06570433051269288,0.10176651305683565,1.0,0.33050847457627114,0.3333333333333333
ORD1256,0.93,1.37,1,Clear,Afternoon,5.6,Bike,1,9.2,23.92,0.04430064708810354,0.0522273425499232,0.0,0.45762711864406774,0.0
ORD1257,4.48,1.42,5,Clear,Evening,9.2,Van,1,25.8,55.8,0.22100547536087609,0.05414746543778802,0.4444444444444444,0.7627118644067796,0.0
ORD1258,0.57,3.87,3,Clear,Afternoon,1.7,Van,3,18.0,43.79,0.026381284221005472,0.14823348694316438,0.2222222222222222,0.1271186440677966,0.3333333333333333
ORD1259,4.37,17.99,4,Clear,Night,2.5,Van,1,33.3,82.54,0.21553011448481832,0.6904761904761904,0.3333333333333333,0.19491525423728812,0.0
ORD1260,6.03,3.79,2,Clear,Evening,11.4,Van,4,33.6,61.42,0.29815828770532604,0.14516129032258066,0.1111111111111111,0.9491525423728814,0.5
ORD1261,2.14,2.86,9,Clear,Afternoon,2.3,Truck,3,40.7,76.51,0.10452961672473868,0.10944700460829494,0.8888888888888888,0.17796610169491522,0.3333333333333333
ORD1262,4.46,4.59,3,Clear,Morning,6.9,Bike,5,30.6,35.48,0.22000995520159283,0.17588325652841783,0.2222222222222222,0.5677966101694915,0.6666666666666666
ORD1263,8.75,2.19,2,Clear,Morning,7.0,Van,2,37.0,68.36,0.43354902936784473,0.0837173579109063,0.1111111111111111,0.5762711864406779,0.16666666666666666
ORD1264,3.08,0.22,10,Fog,Night,6.0,Van,4,42.2,58.94,0.15131906421105026,0.008064516129032258,1.0,0.4915254237288135,0.5
ORD1265,2.45,2.89,9,Clear,Afternoon,7.8,Bike,1,20.7,30.07,0.11996017919362868,0.11059907834101385,0.8888888888888888,0.6440677966101694,0.0
ORD1266,4.31,11.06,7,Rain,Night,2.9,Bike,3,51.5,56.34,0.21254355400696862,0.424347158218126,0.6666666666666666,0.22881355932203387,0.3333333333333333
ORD1267,1.95,0.67,6,Clear,Evening,6.7,Bike,2,29.6,35.69,0.09507217521154802,0.02534562211981567,0.5555555555555556,0.5508474576271186,0.16666666666666666
ORD1268,15.11,2.565,1,Rain,Morning,4.6,Bike,2,68.5,76.04,0.7501244400199104,0.09811827956989248,0.0,0.37288135593220334,0.16666666666666666
ORD1269,4.79,0.79,5,Rain,Evening,8.0,Van,1,32.3,61.93,0.23643603782976605,0.029953917050691246,0.4444444444444444,0.6610169491525423,0.0
ORD1270,2.66,2.69,3,Clear,Afternoon,1.9,Van,2,26.2,53.45,0.13041314086610253,0.10291858678955454,0.2222222222222222,0.14406779661016947,0.16666666666666666
ORD1271,5.44,0.36,1,Fog,Night,6.9,Bike,1,30.5,49.59,0.2687904430064709,0.013440860215053764,0.0,0.5677966101694915,0.0
ORD1272,4.29,2.09,4,Clear,Night,2.4,Bike,1,22.9,33.25,0.21154803384768542,0.07987711213517666,0.3333333333333333,0.18644067796610167,0.0
ORD1273,3.95,4.94,2,Clear,Night,3.5,Truck,3,34.6,91.26,0.1946241911398706,0.1893241167434716,0.1111111111111111,0.2796610169491525,0.3333333333333333
ORD1274,3.08,1.49,2,Rain,Evening,2.8,Bike,1,23.9,29.47,0.15131906421105026,0.05683563748079877,0.1111111111111111,0.22033898305084743,0.0
ORD1275,2.96,3.83,3,Rain,Morning,2.4,Bike,1,34.4,41.45,0.1453459432553509,0.14669738863287252,0.2222222222222222,0.18644067796610167,0.0
ORD1276,1.17,5.55,8,Clear,Evening,9.9,Van,4,31.2,48.06,0.05624688899950223,0.21274961597542244,0.7777777777777778,0.8220338983050848,0.5
ORD1277,11.07,9.17,8,Clear,Evening,3.6,Van,3,58.5,99.1,0.5490293678446989,0.35176651305683565,0.7777777777777778,0.28813559322033894,0.3333333333333333
ORD1278,6.93,0.94,7,Clear,Afternoon,11.1,Bike,2,39.3,48.76,0.3429566948730712,0.03571428571428571,0.6666666666666666,0.923728813559322,0.16666666666666666
ORD1279,5.81,1.78,6,Clear,Afternoon,11.6,Bike,5,41.7,35.87,0.2872075659532105,0.06797235023041474,0.5555555555555556,0.9661016949152542,0.6666666666666666
ORD1280,4.24,0.58,9,Rain,Afternoon,6.9,Bike,3,45.0,21.08,0.20905923344947736,0.021889400921658985,0.8888888888888888,0.5677966101694915,0.3333333333333333
ORD1281,2.1,17.12,4,Clear,Morning,1.9,Van,4,34.8,70.55,0.10253857640617223,0.6570660522273426,0.3333333333333333,0.14406779661016947,0.5
ORD1282,2.53,9.16,1,Clear,Morning,4.6,Van,3,22.4,58.05,0.12394225983076156,0.3513824884792627,0.0,0.37288135593220334,0.3333333333333333
ORD1283,1.3,2.72,8,Clear,Afternoon,9.6,Bike,2,17.6,29.53,0.0627177700348432,0.10407066052227344,0.7777777777777778,0.7966101694915254,0.16666666666666666
ORD1284,2.79,6.46,7,Clear,Afternoon,4.5,Van,3,32.7,55.15,0.1368840219014435,0.24769585253456222,0.6666666666666666,0.3644067796610169,0.3333333333333333
ORD1285,1.86,2.58,7,Clear,Morning,1.2,Van,4,34.1,56.77,0.09059233449477352,0.09869431643625193,0.6666666666666666,0.0847457627118644,0.5
ORD1286,13.13,3.42,3,Clear,Night,6.8,Bike,3,52.6,79.43,0.6515679442508712,0.13095238095238096,0.2222222222222222,0.559322033898305,0.3333333333333333
ORD1287,8.37,0.33,4,Fog,Morning,10.2,Bike,2,44.9,51.41,0.4146341463414634,0.01228878648233487,0.3333333333333333,0.847457627118644,0.16666666666666666
ORD1288,4.94,4.93,10,Rain,Morning,9.6,Van,3,50.4,64.83,0.24390243902439027,0.18894009216589863,1.0,0.7966101694915254,0.3333333333333333
ORD1289,2.3,0.48,9,Clear,Morning,2.3,Bike,3,29.4,26.24,0.11249377799900447,0.01804915514592934,0.8888888888888888,0.17796610169491522,0.3333333333333333
ORD1290,1.94,6.12,6,Rain,Afternoon,8.1,Bike,1,32.8,35.79,0.09457441513190641,0.23463901689708144,0.5555555555555556,0.6694915254237287,0.0
ORD1291,4.05,5.33,5,Rain,Night,2.8,Van,1,39.6,53.92,0.1996017919362867,0.20430107526881722,0.4444444444444444,0.22033898305084743,0.0
ORD1292,8.6,4.32,3,Rain,Morning,2.8,Truck,2,54.2,102.56,0.4260826281732205,0.1655145929339478,0.2222222222222222,0.22033898305084743,0.16666666666666666
ORD1293,1.33,0.13,9,Clear,Afternoon,10.5,Van,1,27.8,38.39,0.06421105027376804,0.004608294930875577,0.8888888888888888,0.8728813559322034,0.0
ORD1294,6.87,1.26,5,Clear,Evening,3.1,Van,2,36.0,60.13,0.3399701343952215,0.04800307219662059,0.4444444444444444,0.24576271186440676,0.16666666666666666
ORD1295,2.78,1.07,5,Clear,Evening,3.3,Van,1,21.0,58.16,0.13638626182180189,0.04070660522273426,0.4444444444444444,0.2627118644067796,0.0
ORD1296,3.19,1.56,4,Clear,Morning,0.2,Bike,3,14.3,28.32,0.156794425087108,0.05952380952380953,0.3333333333333333,0.0,0.3333333333333333
ORD1297,4.83,0.32,4,Clear,Evening,10.5,Van,3,27.4,55.8,0.2384270781483325,0.011904761904761906,0.3333333333333333,0.8728813559322034,0.3333333333333333
ORD1298,2.36,9.67,1,Clear,Night,9.6,Bike,3,22.9,38.4,0.11548033847685416,0.3709677419354839,0.0,0.7966101694915254,0.3333333333333333
ORD1299,3.9,2.82,7,Clear,Evening,7.6,Bike,1,18.9,40.1,0.19213539074166253,0.10791090629800308,0.6666666666666666,0.6271186440677965,0.0
ORD1300,2.2,1.28,9,Rain,Evening,9.1,Van,3,36.5,39.79,0.10751617720258835,0.04877112135176651,0.8888888888888888,0.7542372881355932,0.3333333333333333
ORD1301,2.96,1.77,3,Clear,Night,2.0,Van,3,27.3,54.29,0.1453459432553509,0.06758832565284179,0.2222222222222222,0.15254237288135591,0.3333333333333333
ORD1302,7.75,2.07,2,Clear,Morning,5.6,Bike,4,27.5,63.84,0.3837730214036834,0.07910906298003073,0.1111111111111111,0.45762711864406774,0.5
ORD1303,5.01,3.21,3,Fog,Morning,4.3,Truck,4,42.7,81.66,0.24738675958188153,0.12288786482334871,0.2222222222222222,0.34745762711864403,0.5
ORD1304,7.73,2.54,1,Fog,Night,1.3,Bike,4,46.9,60.36,0.38277750124440024,0.09715821812596008,0.0,0.09322033898305085,0.5
ORD1305,2.75,8.81,6,Rain,Night,5.9,Bike,3,46.0,40.86,0.13489298158287705,0.3379416282642089,0.5555555555555556,0.4830508474576271,0.3333333333333333
ORD1306,6.9,2.565,7,Fog,Night,11.1,Bike,2,44.2,58.11,0.34146341463414637,0.09811827956989248,0.6666666666666666,0.923728813559322,0.16666666666666666
ORD1307,1.02,16.97,2,Clear,Evening,0.7,Van,2,18.6,75.68,0.04878048780487805,0.651305683563748,0.1111111111111111,0.042372881355932195,0.16666666666666666
ORD1308,4.83,6.67,8,Fog,Night,3.6,Van,3,43.9,64.12,0.2384270781483325,0.2557603686635945,0.7777777777777778,0.28813559322033894,0.3333333333333333
ORD1309,7.21,0.82,6,Clear,Afternoon,2.6,Bike,3,41.1,41.91,0.35689397710303633,0.031105990783410135,0.5555555555555556,0.20338983050847456,0.3333333333333333
ORD1310,0.98,9.34,4,Clear,Evening,3.0,Van,3,25.0,57.87,0.04678944748631159,0.35829493087557607,0.3333333333333333,0.23728813559322032,0.3333333333333333
ORD1311,2.78,0.43,5,Clear,Morning,10.9,Bike,1,71.64999999999999,31.44,0.13638626182180189,0.016129032258064516,0.4444444444444444,0.9067796610169492,0.0
ORD1312,4.83,5.95,8,Clear,Morning,5.7,Van,1,40.6,66.72,0.2384270781483325,0.22811059907834103,0.7777777777777778,0.4661016949152542,0.0
ORD1313,9.02,1.68,3,Clear,Morning,5.7,Bike,2,38.4,56.7,0.44698855151816824,0.0641321044546851,0.2222222222222222,0.4661016949152542,0.16666666666666666
ORD1314,2.96,7.36,3,Clear,Evening,9.2,Bike,2,19.0,37.05,0.1453459432553509,0.28225806451612906,0.2222222222222222,0.7627118644067796,0.16666666666666666
ORD1315,6.72,7.09,4,Rain,Afternoon,2.0,Truck,1,63.2,104.66,0.3325037332005973,0.271889400921659,0.3333333333333333,0.15254237288135591,0.0
ORD1316,11.53,5.74,1,Clear,Night,5.9,Bike,3,48.3,76.63,0.571926331508213,0.22004608294930877,0.0,0.4830508474576271,0.3333333333333333
ORD1317,6.93,5.46,9,Clear,Night,5.3,Bike,3,43.3,48.08,0.3429566948730712,0.20929339477726575,0.8888888888888888,0.43220338983050843,0.3333333333333333
ORD1318,4.01,1.27,8,Rain,Morning,7.2,Van,5,47.9,57.18,0.19761075161772024,0.04838709677419355,0.7777777777777778,0.5932203389830508,0.6666666666666666
ORD1319,6.05,0.3,8,Clear,Morning,12.0,Truck,1,37.6,88.29,0.29915380786460927,0.011136712749615975,0.7777777777777778,1.0,0.0
ORD1320,2.89,1.81,10,Clear,Evening,9.3,Bike,2,20.8,31.23,0.14186162269785962,0.06912442396313365,1.0,0.7711864406779662,0.16666666666666666
ORD1321,4.97,0.67,6,Rain,Afternoon,4.9,Bike,1,39.0,47.98,0.24539571926331508,0.02534562211981567,0.5555555555555556,0.3983050847457627,0.0
ORD1322,4.15,4.16,7,Clear,Night,10.0,Bike,1,34.8,38.58,0.20457939273270284,0.15937019969278035,0.6666666666666666,0.8305084745762712,0.0
ORD1323,5.92,1.49,6,Clear,Evening,2.2,Van,1,29.5,61.25,0.2926829268292683,0.05683563748079877,0.5555555555555556,0.1694915254237288,0.0
ORD1324,3.4,13.0,9,Fog,Night,0.6,Bike,2,44.0,55.62,0.16724738675958187,0.49884792626728114,0.8888888888888888,0.033898305084745756,0.16666666666666666
ORD1325,6.15,3.59,3,Clear,Morning,2.6,Van,3,33.2,66.6,0.3041314086610254,0.13748079877112135,0.2222222222222222,0.20338983050847456,0.3333333333333333
ORD1326,3.37,6.05,3,Clear,Night,4.2,Truck,1,30.9,76.31,0.16575410652065706,0.23195084485407066,0.2222222222222222,0.3389830508474576,0.0
ORD1327,8.32,0.5,3,Rain,Afternoon,6.2,Bike,2,43.5,54.61,0.4121453459432554,0.01881720430107527,0.2222222222222222,0.5084745762711864,0.16666666666666666
ORD1328,3.64,6.93,10,Rain,Afternoon,7.5,Bike,4,43.0,41.61,0.1791936286709806,0.2657450076804916,1.0,0.6186440677966101,0.5
ORD1329,0.59,2.565,3,Clear,Morning,6.15,Bike,2,9.1,43.4,0.027376804380288697,0.09811827956989248,0.2222222222222222,0.5042372881355932,0.16666666666666666
ORD1330,2.0,2.34,9,Clear,Afternoon,6.2,Bike,4,27.8,30.67,0.0975609756097561,0.08947772657450077,0.8888888888888888,0.5084745762711864,0.5
ORD1331,4.73,3.26,4,Clear,Afternoon,6.1,Truck,4,44.4,85.23,0.2334494773519164,0.12480798771121353,0.3333333333333333,0.49999999999999994,0.5
ORD1332,13.05,5.07,7,Clear,Evening,0.8,Bike,3,68.0,75.17,0.6475858636137383,0.19431643625192016,0.6666666666666666,0.05084745762711865,0.3333333333333333
ORD1333,8.11,0.67,9,Clear,Night,0.6,Bike,2,46.2,51.92,0.4016923842707815,0.02534562211981567,0.8888888888888888,0.033898305084745756,0.16666666666666666
ORD1334,0.46,2.58,7,Clear,Morning,5.449999999999999,Van,2,26.6,59.72,0.020905923344947737,0.09869431643625193,0.6666666666666666,0.44491525423728806,0.16666666666666666
ORD1335,1.22,1.78,9,Fog,Morning,5.4,Bike,2,30.1,21.91,0.0587356893977103,0.06797235023041474,0.8888888888888888,0.4406779661016949,0.16666666666666666
ORD1336,9.76,0.55,3,Clear,Morning,10.1,Van,2,40.0,76.65,0.48382279741164763,0.020737327188940093,0.2222222222222222,0.8389830508474576,0.16666666666666666
ORD1337,7.18,1.6,4,Clear,Morning,2.1,Bike,1,33.6,45.87,0.35540069686411146,0.06105990783410139,0.3333333333333333,0.1610169491525424,0.0
ORD1338,17.51,0.25,8,Clear,Morning,0.5,Van,2,71.64999999999999,103.0,0.8695868591338975,0.009216589861751152,0.7777777777777778,0.02542372881355932,0.16666666666666666
ORD1339,3.27,0.09,6,Rain,Afternoon,5.5,Truck,2,39.8,73.44,0.1607765057242409,0.0030721966205837174,0.5555555555555556,0.4491525423728813,0.16666666666666666
ORD1340,2.32,0.51,5,Clear,Evening,3.0,Van,1,22.4,46.38,0.11348929815828769,0.019201228878648235,0.4444444444444444,0.23728813559322032,0.0
ORD1341,4.92,11.55,4,Clear,Morning,0.8,Truck,4,47.9,107.96,0.242906918865107,0.44316436251920127,0.3333333333333333,0.05084745762711865,0.5
ORD1342,3.22,2.79,8,Rain,Evening,8.8,Bike,3,39.9,33.43,0.15828770532603287,0.10675883256528419,0.7777777777777778,0.728813559322034,0.3333333333333333
ORD1343,9.18,11.82,1,Clear,Evening,1.5,Bike,3,42.6,74.04,0.4549527127924341,0.4535330261136713,0.0,0.11016949152542373,0.3333333333333333
ORD1344,3.13,1.98,9,Clear,Afternoon,7.4,Van,1,33.1,44.87,0.15380786460925833,0.07565284178187404,0.8888888888888888,0.6101694915254237,0.0
ORD1345,3.8,1.31,1,Clear,Morning,3.5,Van,3,26.5,55.99,0.18715778994524637,0.04992319508448541,0.0,0.2796610169491525,0.3333333333333333
ORD1346,2.06,2.47,8,Clear,Afternoon,2.2,Bike,2,26.8,32.35,0.10054753608760578,0.09447004608294933,0.7777777777777778,0.1694915254237288,0.16666666666666666
ORD1347,7.76,2.03,4,Clear,Morning,4.7,Bike,4,38.5,61.08,0.38427078148332505,0.07757296466973887,0.3333333333333333,0.3813559322033898,0.5
ORD1348,2.17,0.39,9,Clear,Afternoon,9.7,Bike,3,28.4,33.26,0.10602289696366352,0.014592933947772658,0.8888888888888888,0.8050847457627118,0.3333333333333333
ORD1349,6.23,3.58,5,Clear,Evening,4.8,Bike,1,25.7,51.29,0.3081134892981583,0.1370967741935484,0.4444444444444444,0.38983050847457623,0.0
ORD1350,14.46,0.85,3,Clear,Morning,9.1,Bike,5,58.5,77.66,0.7177700348432057,0.03225806451612903,0.2222222222222222,0.7542372881355932,0.6666666666666666
ORD1351,0.85,3.38,9,Rain,Night,1.7,Van,3,29.7,44.66,0.04031856645097063,0.1294162826420891,0.8888888888888888,0.1271186440677966,0.3333333333333333
ORD1352,11.87,3.68,9,Fog,Evening,9.3,Bike,3,58.5,72.82,0.5888501742160279,0.14093701996927804,0.8888888888888888,0.7711864406779662,0.3333333333333333
ORD1353,5.69,0.58,4,Rain,Night,3.0,Bike,2,31.7,47.53,0.2812344449975112,0.021889400921658985,0.3333333333333333,0.23728813559322032,0.16666666666666666
ORD1354,1.78,0.22,4,Rain,Evening,8.2,Van,2,32.1,46.94,0.08661025385764062,0.008064516129032258,0.3333333333333333,0.6779661016949151,0.16666666666666666
ORD1355,5.05,5.31,8,Clear,Afternoon,6.9,Van,3,40.8,62.69,0.24937779990044798,0.20353302611367127,0.7777777777777778,0.5677966101694915,0.3333333333333333
ORD1356,7.61,2.16,2,Fog,Morning,11.2,Truck,3,41.1,87.89,0.37680438028870084,0.08256528417818743,0.1111111111111111,0.9322033898305084,0.3333333333333333
ORD1357,2.45,0.21,9,Clear,Evening,4.8,Van,2,33.2,52.27,0.11996017919362868,0.007680491551459293,0.8888888888888888,0.38983050847457623,0.16666666666666666
ORD1358,6.47,2.565,6,Fog,Afternoon,1.0,Bike,1,51.8,75.76,0.320059731209557,0.09811827956989248,0.5555555555555556,0.06779661016949153,0.0
ORD1359,12.5,0.21,9,Fog,Morning,0.4,Van,2,71.64999999999999,86.22,0.6202090592334495,0.007680491551459293,0.8888888888888888,0.01694915254237288,0.16666666666666666
ORD1360,3.13,4.16,8,Rain,Morning,10.0,Van,1,37.5,57.1,0.15380786460925833,0.15937019969278035,0.7777777777777778,0.8305084745762712,0.0
ORD1361,2.04,14.4,7,Fog,Evening,6.4,Bike,3,37.4,48.54,0.09955201592832255,0.5526113671274961,0.6666666666666666,0.5254237288135593,0.3333333333333333
ORD1362,4.25,0.96,1,Clear,Morning,9.3,Van,4,28.7,60.88,0.20955699352911897,0.03648233486943164,0.0,0.7711864406779662,0.5
ORD1363,4.86,0.54,3,Clear,Evening,3.0,Truck,4,35.8,71.57,0.23992035838725737,0.02035330261136713,0.2222222222222222,0.23728813559322032,0.5
ORD1364,9.49,0.45,2,Clear,Morning,4.3,Bike,2,37.8,56.55,0.4703832752613241,0.016897081413210446,0.1111111111111111,0.34745762711864403,0.16666666666666666
ORD1365,4.15,1.26,5,Clear,Night,0.6,Bike,2,27.1,45.32,0.20457939273270284,0.04800307219662059,0.4444444444444444,0.033898305084745756,0.16666666666666666
ORD1366,3.36,0.37,5,Clear,Afternoon,11.5,Bike,2,15.1,35.48,0.16525634644101542,0.013824884792626727,0.4444444444444444,0.9576271186440678,0.16666666666666666
ORD1367,1.99,4.12,5,Clear,Night,8.1,Bike,3,25.6,41.4,0.09706321553011449,0.1578341013824885,0.4444444444444444,0.6694915254237287,0.3333333333333333
ORD1368,0.99,0.23,4,Fog,Evening,11.2,Bike,4,30.7,16.39,0.047287207565953206,0.008448540706605223,0.3333333333333333,0.9322033898305084,0.5
ORD1369,1.5,2.49,5,Clear,Night,3.3,Van,2,19.0,50.4,0.07267297162767546,0.09523809523809526,0.4444444444444444,0.2627118644067796,0.16666666666666666
ORD1370,1.49,20.0,3,Rain,Evening,7.4,Bike,2,34.3,59.32,0.07217521154803384,0.7676651305683564,0.2222222222222222,0.6101694915254237,0.16666666666666666
ORD1371,3.83,5.89,1,Fog,Morning,8.2,Truck,2,29.8,76.51,0.18865107018417124,0.22580645161290322,0.0,0.6779661016949151,0.16666666666666666
ORD1372,1.19,3.34,5,Fog,Morning,3.9,Van,1,26.2,43.53,0.05724240915878546,0.12788018433179724,0.4444444444444444,0.31355932203389825,0.0
ORD1373,4.48,1.28,9,Fog,Evening,10.2,Van,2,48.1,55.2,0.22100547536087609,0.04877112135176651,0.8888888888888888,0.847457627118644,0.16666666666666666
ORD1374,14.26,3.42,9,Clear,Night,11.4,Van,2,64.7,91.92,0.7078148332503733,0.13095238095238096,0.8888888888888888,0.9491525423728814,0.16666666666666666
ORD1375,9.67,2.62,4,Fog,Morning,10.6,Bike,2,46.5,61.17,0.4793429566948731,0.10023041474654379,0.3333333333333333,0.8813559322033898,0.16666666666666666
ORD1376,3.81,1.94,3,Rain,Afternoon,8.9,Bike,3,24.7,41.28,0.187655550024888,0.07411674347158217,0.2222222222222222,0.7372881355932204,0.3333333333333333
ORD1377,20.13,0.49,1,Clear,Morning,3.5,Van,4,71.64999999999999,118.33,1.0,0.018433179723502304,0.0,0.2796610169491525,0.5
ORD1378,4.87,7.62,2,Clear,Afternoon,3.5,Van,4,25.9,68.09,0.24041811846689895,0.2922427035330261,0.1111111111111111,0.2796610169491525,0.5
ORD1379,5.38,2.09,8,Rain,Night,11.6,Van,2,47.6,61.98,0.2658038825286212,0.07987711213517666,0.7777777777777778,0.9661016949152542,0.16666666666666666
ORD1380,4.19,0.76,1,Clear,Afternoon,0.3,Bike,3,26.3,36.68,0.20657043305126932,0.02880184331797235,0.0,0.008474576271186439,0.3333333333333333
ORD1381,4.56,1.6,8,Clear,Afternoon,8.6,Truck,2,39.3,78.03,0.22498755599800893,0.06105990783410139,0.7777777777777778,0.711864406779661,0.16666666666666666
ORD1382,3.05,1.87,7,Rain,Afternoon,8.5,Bike,3,38.0,36.91,0.14982578397212543,0.07142857142857144,0.6666666666666666,0.7033898305084746,0.3333333333333333
ORD1383,3.85,6.15,8,Clear,Afternoon,7.5,Truck,1,36.9,77.46,0.18964659034345446,0.23579109062980033,0.7777777777777778,0.6186440677966101,0.0
ORD1384,11.92,4.63,6,Clear,Morning,11.9,Truck,2,62.4,117.05,0.591338974614236,0.1774193548387097,0.5555555555555556,0.9915254237288136,0.16666666666666666
ORD1385,10.35,5.13,9,Rain,Afternoon,3.9,Bike,1,62.5,76.09,0.5131906421105028,0.1966205837173579,0.8888888888888888,0.31355932203389825,0.0
ORD1386,0.56,0.04,3,Clear,Morning,4.2,Van,2,6.7,35.18,0.025883524141363863,0.001152073732718894,0.2222222222222222,0.3389830508474576,0.16666666666666666
ORD1387,1.32,1.88,10,Clear,Afternoon,1.1,Bike,2,32.2,22.73,0.06371329019412643,0.0718125960061444,1.0,0.07627118644067797,0.16666666666666666
ORD1388,2.48,2.3,4,Clear,Evening,5.4,Bike,2,18.4,35.49,0.1214534594325535,0.08794162826420891,0.3333333333333333,0.4406779661016949,0.16666666666666666
ORD1389,8.65,0.07,6,Clear,Night,3.3,Van,1,38.4,72.25,0.42857142857142866,0.0023041474654377885,0.5555555555555556,0.2627118644067796,0.0
ORD1390,10.5,2.58,8,Fog,Afternoon,4.3,Van,3,61.1,84.4,0.520657043305127,0.09869431643625193,0.7777777777777778,0.34745762711864403,0.3333333333333333
ORD1391,7.59,5.0,5,Clear,Evening,10.0,Truck,2,37.4,99.57,0.3758088601294176,0.19162826420890938,0.4444444444444444,0.8305084745762712,0.16666666666666666
ORD1392,1.77,0.52,3,Clear,Afternoon,11.2,Van,4,15.2,31.27,0.08611249377799901,0.0195852534562212,0.2222222222222222,0.9322033898305084,0.5
ORD1393,3.09,2.68,6,Clear,Afternoon,2.4,Bike,1,25.2,40.9,0.15181682429069188,0.10253456221198158,0.5555555555555556,0.18644067796610167,0.0
ORD1394,6.55,0.85,4,Clear,Afternoon,4.6,Van,2,36.1,74.14,0.3240418118466899,0.03225806451612903,0.3333333333333333,0.37288135593220334,0.16666666666666666
ORD1395,3.89,0.04,9,Rain,Evening,11.2,Truck,5,54.6,82.82,0.1916376306620209,0.001152073732718894,0.8888888888888888,0.9322033898305084,0.6666666666666666
ORD1396,3.5,0.97,3,Rain,Night,0.9,Bike,2,31.3,16.46,0.17222498755599802,0.03686635944700461,0.2222222222222222,0.05932203389830508,0.16666666666666666
ORD1397,3.54,13.04,4,Clear,Evening,1.3,Truck,1,32.2,96.68,0.17421602787456447,0.5003840245775729,0.3333333333333333,0.09322033898305085,0.0
ORD1398,9.85,5.66,7,Clear,Night,2.1,Bike,2,50.4,65.53,0.4883026381284221,0.21697388632872505,0.6666666666666666,0.1610169491525424,0.16666666666666666
ORD1399,7.0,11.23,7,Clear,Afternoon,7.2,Van,2,43.5,75.82,0.3464410154305625,0.4308755760368664,0.6666666666666666,0.5932203389830508,0.16666666666666666
ORD1400,3.69,2.34,4,Clear,Morning,2.0,Bike,3,20.4,37.62,0.18168242906918866,0.08947772657450077,0.3333333333333333,0.15254237288135591,0.3333333333333333
ORD1401,5.87,0.41,6,Rain,Afternoon,11.6,Bike,2,37.0,42.52,0.29019412643106024,0.015360983102918587,0.5555555555555556,0.9661016949152542,0.16666666666666666
ORD1402,1.56,2.78,3,Clear,Night,5.5,Bike,3,21.0,31.27,0.07565953210552513,0.10637480798771122,0.2222222222222222,0.4491525423728813,0.3333333333333333
ORD1403,3.1,2.12,6,Clear,Evening,6.1,Van,2,34.5,51.48,0.15231458437033352,0.08102918586789556,0.5555555555555556,0.49999999999999994,0.16666666666666666
ORD1404,9.24,2.565,2,Clear,Afternoon,6.15,Bike,4,46.4,43.4,0.4579392732702838,0.09811827956989248,0.1111111111111111,0.5042372881355932,0.5
ORD1405,1.11,2.565,8,Fog,Evening,5.8,Bike,3,36.1,20.32,0.053260328521652564,0.09811827956989248,0.7777777777777778,0.47457627118644063,0.3333333333333333
ORD1406,7.06,2.34,2,Fog,Evening,8.0,Van,2,39.0,64.47,0.3494275759084121,0.08947772657450077,0.1111111111111111,0.6610169491525423,0.16666666666666666
ORD1407,0.56,0.57,7,Clear,Evening,9.1,Truck,4,36.3,54.62,0.025883524141363863,0.02150537634408602,0.6666666666666666,0.7542372881355932,0.5
ORD1408,13.19,1.37,9,Rain,Afternoon,9.1,Bike,2,71.64999999999999,68.59,0.6545545047287208,0.0522273425499232,0.8888888888888888,0.7542372881355932,0.16666666666666666
ORD1409,3.04,4.68,1,Clear,Evening,7.0,Bike,1,7.7,36.73,0.1493280238924838,0.1793394777265745,0.0,0.5762711864406779,0.0
ORD1410,6.17,2.26,8,Clear,Evening,10.9,Bike,2,37.5,54.42,0.3051269288203086,0.08640552995391705,0.7777777777777778,0.9067796610169492,0.16666666666666666
ORD1411,5.07,1.65,7,Rain,Afternoon,9.8,Bike,1,38.9,39.09,0.25037332005973123,0.0629800307219662,0.6666666666666666,0.8135593220338984,0.0
ORD1412,5.2,1.76,6,Fog,Evening,9.1,Van,2,37.7,55.69,0.25684420109507217,0.06720430107526881,0.5555555555555556,0.7542372881355932,0.16666666666666666
ORD1413,5.8,2.15,6,Fog,Afternoon,0.9,Van,2,46.3,56.68,0.2867098058735689,0.08218125960061445,0.5555555555555556,0.05932203389830508,0.16666666666666666
ORD1414,0.92,5.38,6,Clear,Night,0.3,Van,1,22.9,47.09,0.043802887008461924,0.20622119815668205,0.5555555555555556,0.008474576271186439,0.0
ORD1415,5.27,2.565,9,Clear,Night,6.15,Bike,4,41.8,43.4,0.2603285216525634,0.09811827956989248,0.8888888888888888,0.5042372881355932,0.5
ORD1416,4.07,10.88,2,Rain,Night,8.0,Van,4,39.7,78.43,0.20059731209556994,0.41743471582181263,0.1111111111111111,0.6610169491525423,0.5
ORD1417,3.06,5.41,1,Clear,Evening,5.1,Van,4,29.5,57.39,0.15032354405176704,0.20737327188940094,0.0,0.41525423728813554,0.5
ORD1418,2.48,1.33,6,Clear,Morning,4.9,Van,2,27.0,48.11,0.1214534594325535,0.05069124423963134,0.5555555555555556,0.3983050847457627,0.16666666666666666
ORD1419,5.37,4.08,10,Clear,Morning,10.6,Van,1,42.1,60.96,0.2653061224489796,0.15629800307219663,1.0,0.8813559322033898,0.0
ORD1420,2.06,2.01,8,Rain,Evening,10.8,Van,2,34.7,44.78,0.10054753608760578,0.07680491551459293,0.7777777777777778,0.8983050847457628,0.16666666666666666
ORD1421,9.14,1.03,3,Clear,Morning,10.9,Van,2,41.1,78.08,0.45296167247386765,0.0391705069124424,0.2222222222222222,0.9067796610169492,0.16666666666666666
ORD1422,6.47,6.43,10,Clear,Afternoon,3.9,Bike,2,40.4,53.24,0.320059731209557,0.24654377880184333,1.0,0.31355932203389825,0.16666666666666666
ORD1423,5.6,0.14,1,Fog,Morning,8.4,Truck,3,36.3,82.92,0.27675460428073667,0.004992319508448541,0.0,0.6949152542372882,0.3333333333333333
ORD1424,8.89,8.12,9,Clear,Evening,3.4,Van,1,52.4,84.39,0.44051767048282736,0.31144393241167434,0.8888888888888888,0.27118644067796605,0.0
ORD1425,0.78,2.17,1,Clear,Evening,2.4,Van,1,6.1,38.58,0.03683424589347934,0.08294930875576037,0.0,0.18644067796610167,0.0
ORD1426,1.52,3.55,3,Clear,Afternoon,2.4,Bike,3,15.4,29.33,0.07366849178695868,0.1359447004608295,0.2222222222222222,0.18644067796610167,0.3333333333333333
ORD1427,6.67,3.77,8,Clear,Night,4.2,Van,1,43.4,58.57,0.33001493280238925,0.14439324116743474,0.7777777777777778,0.3389830508474576,0.0
ORD1428,2.6,7.89,3,Clear,Evening,5.3,Van,5,30.3,60.5,0.12742658038825286,0.30261136712749614,0.2222222222222222,0.43220338983050843,0.6666666666666666
ORD1429,2.87,3.54,4,Clear,Afternoon,10.0,Bike,1,21.2,47.12,0.1408661025385764,0.13556067588325654,0.3333333333333333,0.8305084745762712,0.0
ORD1430,1.32,3.33,8,Rain,Morning,1.6,Bike,1,29.9,25.78,0.06371329019412643,0.1274961597542243,0.7777777777777778,0.11864406779661017,0.0
ORD1431,2.06,0.24,1,Clear,Morning,8.9,Van,2,14.4,45.88,0.10054753608760578,0.008832565284178187,0.0,0.7372881355932204,0.16666666666666666
ORD1432,9.27,2.56,6,Fog,Afternoon,6.5,Van,2,50.6,82.03,0.4594325535092086,0.09792626728110601,0.5555555555555556,0.5338983050847457,0.16666666666666666
ORD1433,6.56,0.57,1,Clear,Afternoon,3.6,Van,5,38.9,69.81,0.3245395719263315,0.02150537634408602,0.0,0.28813559322033894,0.6666666666666666
ORD1434,5.33,4.68,1,Clear,Evening,6.0,Bike,2,28.9,46.08,0.26331508213041316,0.1793394777265745,0.0,0.4915254237288135,0.16666666666666666
ORD1435,2.96,2.51,8,Clear,Morning,3.7,Van,2,34.2,42.18,0.1453459432553509,0.09600614439324118,0.7777777777777778,0.2966101694915254,0.16666666666666666
ORD1436,5.1,3.99,4,Clear,Afternoon,7.2,Bike,3,34.3,46.74,0.25186660029865604,0.15284178187403996,0.3333333333333333,0.5932203389830508,0.3333333333333333
ORD1437,9.8,0.15,1,Rain,Morning,5.3,Bike,2,45.5,60.03,0.48581383773021414,0.005376344086021505,0.0,0.43220338983050843,0.16666666666666666
ORD1438,2.65,0.31,10,Clear,Afternoon,2.1,Bike,6,42.8,27.87,0.12991538078646092,0.01152073732718894,1.0,0.1610169491525424,0.8333333333333334
ORD1439,4.55,4.41,7,Clear,Morning,1.6,Bike,4,38.2,43.06,0.22448979591836735,0.16897081413210446,0.6666666666666666,0.11864406779661017,0.5
ORD1440,13.7,0.26,5,Rain,Night,6.7,Bike,5,66.1,76.65,0.679940268790443,0.009600614439324117,0.4444444444444444,0.5508474576271186,0.6666666666666666
ORD1441,7.53,0.26,5,Fog,Evening,10.8,Bike,3,43.7,51.82,0.37282229965156793,0.009600614439324117,0.4444444444444444,0.8983050847457628,0.3333333333333333
ORD1442,3.0,0.04,1,Rain,Morning,4.3,Bike,2,20.6,32.26,0.14733698357391736,0.001152073732718894,0.0,0.34745762711864403,0.16666666666666666
ORD1443,7.13,10.97,10,Clear,Night,8.8,Bike,2,56.8,63.31,0.35291189646590343,0.4208909370199693,1.0,0.728813559322034,0.16666666666666666
ORD1444,1.1,4.68,6,Rain,Morning,8.0,Van,3,31.9,48.56,0.05276256844201095,0.1793394777265745,0.5555555555555556,0.6610169491525423,0.3333333333333333
ORD1445,4.42,1.53,9,Clear,Morning,11.2,Bike,2,35.2,37.43,0.21801891488302638,0.05837173579109063,0.8888888888888888,0.9322033898305084,0.16666666666666666
ORD1446,7.12,2.565,9,Clear,Night,6.15,Bike,3,43.2,43.4,0.35241413638626184,0.09811827956989248,0.8888888888888888,0.5042372881355932,0.3333333333333333
ORD1447,6.09,1.51,8,Clear,Morning,6.9,Van,2,35.5,59.71,0.3011448481831757,0.0576036866359447,0.7777777777777778,0.5677966101694915,0.16666666666666666
ORD1448,7.08,5.22,5,Clear,Morning,8.0,Bike,3,30.6,55.93,0.3504230960676954,0.2000768049155146,0.4444444444444444,0.6610169491525423,0.3333333333333333
ORD1449,8.13,3.79,1,Clear,Evening,10.8,Van,2,71.64999999999999,66.71,0.4026879044300648,0.14516129032258066,0.0,0.8983050847457628,0.16666666666666666
ORD1450,6.42,0.72,9,Clear,Night,4.9,Bike,2,46.9,44.19,0.3175709308113489,0.027265745007680493,0.8888888888888888,0.3983050847457627,0.16666666666666666
ORD1451,6.29,2.565,1,Rain,Night,4.1,Bike,4,36.2,48.26,0.31110004977600797,0.09811827956989248,0.0,0.33050847457627114,0.5
ORD1452,5.41,0.36,8,Clear,Afternoon,0.3,Van,2,33.6,53.09,0.26729716276754606,0.013440860215053764,0.7777777777777778,0.008474576271186439,0.16666666666666666
ORD1453,1.86,3.78,5,Clear,Morning,10.0,Van,3,22.5,46.88,0.09059233449477352,0.14477726574500768,0.4444444444444444,0.8305084745762712,0.3333333333333333
ORD1454,9.27,5.06,3,Clear,Evening,9.7,Truck,4,47.0,94.5,0.4594325535092086,0.19393241167434716,0.2222222222222222,0.8050847457627118,0.5
ORD1455,4.53,2.58,7,Clear,Morning,5.449999999999999,Van,2,39.0,59.72,0.22349427575908412,0.09869431643625193,0.6666666666666666,0.44491525423728806,0.16666666666666666
ORD1456,7.4,0.07,7,Clear,Morning,7.0,Truck,1,47.6,85.65,0.366351418616227,0.0023041474654377885,0.6666666666666666,0.5762711864406779,0.0
ORD1457,8.66,0.3,9,Clear,Afternoon,5.7,Bike,4,51.0,55.33,0.42906918865107024,0.011136712749615975,0.8888888888888888,0.4661016949152542,0.5
ORD1458,3.12,12.03,7,Rain,Morning,1.6,Bike,3,40.2,50.82,0.15331010452961674,0.46159754224270355,0.6666666666666666,0.11864406779661017,0.3333333333333333
ORD1459,3.33,1.23,3,Rain,Evening,11.8,Bike,2,29.4,33.55,0.1637630662020906,0.04685099846390169,0.2222222222222222,0.9830508474576272,0.16666666666666666
ORD1460,3.69,5.13,1,Clear,Evening,2.7,Bike,3,25.0,39.28,0.18168242906918866,0.1966205837173579,0.0,0.211864406779661,0.3333333333333333
ORD1461,10.4,3.43,8,Rain,Afternoon,1.0,Van,1,62.3,81.93,0.5156794425087109,0.13133640552995393,0.7777777777777778,0.06779661016949153,0.0
ORD1462,2.23,1.68,3,Rain,Morning,7.2,Van,1,27.0,50.47,0.10900945744151319,0.0641321044546851,0.2222222222222222,0.5932203389830508,0.0
ORD1463,11.56,0.81,8,Rain,Evening,8.9,Bike,1,62.5,68.83,0.573419611747138,0.030721966205837177,0.7777777777777778,0.7372881355932204,0.0
ORD1464,5.37,0.45,8,Clear,Morning,0.6,Truck,3,48.7,81.56,0.2653061224489796,0.016897081413210446,0.7777777777777778,0.033898305084745756,0.3333333333333333
ORD1465,5.64,3.34,5,Rain,Morning,8.0,Van,1,41.2,70.16,0.2787456445993031,0.12788018433179724,0.4444444444444444,0.6610169491525423,0.0
ORD1466,8.41,5.22,1,Clear,Morning,6.5,Bike,3,41.4,70.9,0.4166251866600299,0.2000768049155146,0.0,0.5338983050847457,0.3333333333333333
ORD1467,4.95,3.61,10,Clear,Afternoon,1.4,Bike,2,42.6,37.98,0.24440019910403188,0.1382488479262673,1.0,0.10169491525423728,0.16666666666666666
ORD1468,9.33,2.64,7,Clear,Morning,2.2,Bike,2,46.0,63.76,0.46241911398705826,0.10099846390168972,0.6666666666666666,0.1694915254237288,0.16666666666666666
ORD1469,3.11,0.15,10,Clear,Evening,6.9,Bike,4,33.5,46.74,0.1528123444499751,0.005376344086021505,1.0,0.5677966101694915,0.5
ORD1470,11.33,12.1,5,Clear,Morning,3.7,Bike,2,51.4,85.14,0.5619711299153808,0.4642857142857143,0.4444444444444444,0.2966101694915254,0.16666666666666666
ORD1471,3.3,5.61,8,Rain,Evening,11.3,Van,2,43.4,57.85,0.16226978596316574,0.21505376344086025,0.7777777777777778,0.940677966101695,0.16666666666666666
ORD1472,11.6,1.21,9,Clear,Morning,9.9,Bike,1,50.7,68.26,0.5754106520657044,0.04608294930875576,0.8888888888888888,0.8220338983050848,0.0
ORD1473,3.37,2.565,7,Clear,Evening,6.15,Bike,5,34.7,55.14,0.16575410652065706,0.09811827956989248,0.6666666666666666,0.5042372881355932,0.6666666666666666
ORD1474,3.77,3.22,7,Clear,Evening,3.3,Truck,1,40.7,84.44,0.18566450970632156,0.12327188940092168,0.6666666666666666,0.2627118644067796,0.0
ORD1475,2.01,3.06,1,Clear,Morning,11.6,Van,4,19.0,41.81,0.0980587356893977,0.11712749615975424,0.0,0.9661016949152542,0.5
ORD1476,2.5,4.83,4,Fog,Morning,5.3,Truck,3,41.8,77.61,0.12244897959183673,0.185099846390169,0.3333333333333333,0.43220338983050843,0.3333333333333333
ORD1477,4.55,5.85,2,Clear,Evening,4.3,Bike,3,29.7,34.54,0.22448979591836735,0.22427035330261136,0.1111111111111111,0.34745762711864403,0.3333333333333333
ORD1478,5.51,3.74,2,Clear,Night,0.8,Bike,2,23.2,45.71,0.2722747635639622,0.14324116743471585,0.1111111111111111,0.05084745762711865,0.16666666666666666
ORD1479,8.9,0.48,2,Clear,Afternoon,0.8,Van,2,39.7,68.59,0.44101543056246895,0.01804915514592934,0.1111111111111111,0.05084745762711865,0.16666666666666666
ORD1480,3.97,1.45,4,Clear,Night,8.4,Bike,2,27.1,38.54,0.19561971129915381,0.05529953917050691,0.3333333333333333,0.6949152542372882,0.16666666666666666
ORD1481,6.1,9.21,1,Clear,Night,5.6,Bike,2,23.5,49.15,0.3016426082628173,0.35330261136712754,0.0,0.45762711864406774,0.16666666666666666
ORD1482,5.26,0.89,4,Rain,Morning,2.9,Van,1,40.5,55.87,0.25983076157292184,0.03379416282642089,0.3333333333333333,0.22881355932203387,0.0
ORD1483,6.56,1.63,2,Fog,Afternoon,7.4,Van,3,38.8,69.83,0.3245395719263315,0.06221198156682027,0.1111111111111111,0.6101694915254237,0.3333333333333333
ORD1484,2.81,1.98,5,Clear,Night,3.2,Bike,1,14.4,29.39,0.13787954206072672,0.07565284178187404,0.4444444444444444,0.2542372881355932,0.0
ORD1485,3.08,2.03,3,Rain,Morning,7.0,Bike,4,32.8,24.46,0.15131906421105026,0.07757296466973887,0.2222222222222222,0.5762711864406779,0.5
ORD1486,2.81,3.32,8,Rain,Night,4.4,Bike,2,34.5,36.07,0.13787954206072672,0.12711213517665132,0.7777777777777778,0.3559322033898305,0.16666666666666666
ORD1487,10.02,10.03,4,Rain,Night,9.9,Bike,1,47.1,72.2,0.49676455948232956,0.3847926267281106,0.3333333333333333,0.8220338983050848,0.0
ORD1488,11.39,0.96,1,Clear,Morning,9.9,Bike,4,44.1,66.35,0.5649576903932305,0.03648233486943164,0.0,0.8220338983050848,0.5
ORD1489,2.98,0.45,1,Clear,Morning,5.8,Bike,2,7.5,27.54,0.14634146341463414,0.016897081413210446,0.0,0.47457627118644063,0.16666666666666666
ORD1490,3.02,0.77,10,Clear,Morning,4.3,Bike,3,31.5,41.71,0.1483325037332006,0.029185867895545316,1.0,0.34745762711864403,0.3333333333333333
ORD1491,7.18,7.63,3,Rain,Afternoon,4.5,Truck,2,62.3,93.81,0.35540069686411146,0.2926267281105991,0.2222222222222222,0.3644067796610169,0.16666666666666666
ORD1492,12.2,3.63,9,Rain,Night,9.7,Van,2,71.64999999999999,105.85,0.605276256844201,0.1390168970814132,0.8888888888888888,0.8050847457627118,0.16666666666666666
ORD1493,13.88,1.18,7,Clear,Morning,4.1,Van,2,60.1,93.11,0.6888999502239921,0.044930875576036866,0.6666666666666666,0.33050847457627114,0.16666666666666666
ORD1494,2.87,5.92,2,Clear,Evening,2.7,Bike,1,23.5,39.85,0.1408661025385764,0.22695852534562214,0.1111111111111111,0.211864406779661,0.0
ORD1495,3.46,6.92,9,Fog,Night,1.2,Bike,3,39.3,40.04,0.17023394723743154,0.2653609831029186,0.8888888888888888,0.0847457627118644,0.3333333333333333
ORD1496,5.71,2.565,10,Rain,Evening,5.7,Bike,5,55.1,48.74,0.28222996515679444,0.09811827956989248,1.0,0.4661016949152542,0.6666666666666666
ORD1497,5.9,8.79,2,Fog,Afternoon,5.9,Bike,1,28.7,52.04,0.2916874066699851,0.337173579109063,0.1111111111111111,0.4830508474576271,0.0
ORD1498,4.09,1.02,3,Rain,Morning,10.1,Bike,2,31.0,39.71,0.20159283225485317,0.038786482334869435,0.2222222222222222,0.8389830508474576,0.16666666666666666
ORD1499,2.44,4.92,10,Clear,Evening,2.8,Van,1,39.0,45.57,0.11946241911398706,0.18855606758832566,1.0,0.22033898305084743,0.0
ORD1500,4.55,2.16,2,Clear,Afternoon,4.7,Van,1,19.9,59.17,0.22448979591836735,0.08256528417818743,0.1111111111111111,0.3813559322033898,0.0
ORD1501,13.87,6.46,3,Rain,Morning,9.7,Van,3,59.3,92.02,0.6884021901443504,0.24769585253456222,0.2222222222222222,0.8050847457627118,0.3333333333333333
ORD1502,3.11,4.56,6,Clear,Evening,9.9,Bike,1,27.2,39.27,0.1528123444499751,0.17473118279569894,0.5555555555555556,0.8220338983050848,0.0
ORD1503,5.47,5.24,9,Clear,Evening,4.7,Truck,2,53.8,95.08,0.2702837232453957,0.20084485407066055,0.8888888888888888,0.3813559322033898,0.16666666666666666
ORD1504,19.71,3.74,9,Rain,Afternoon,5.6,Bike,1,71.64999999999999,100.02,0.9790940766550523,0.14324116743471585,0.8888888888888888,0.45762711864406774,0.0
ORD1505,3.08,0.68,7,Clear,Morning,3.8,Bike,1,26.9,35.35,0.15131906421105026,0.025729646697388635,0.6666666666666666,0.30508474576271183,0.0
ORD1506,7.4,2.76,3,Rain,Morning,11.2,Bike,4,45.4,53.48,0.366351418616227,0.10560675883256529,0.2222222222222222,0.9322033898305084,0.5
ORD1507,14.24,14.62,4,Clear,Evening,1.6,Van,4,66.5,124.73,0.7068193130910901,0.5610599078341014,0.3333333333333333,0.11864406779661017,0.5
ORD1508,6.99,9.7,6,Fog,Evening,11.2,Truck,2,46.9,99.63,0.34594325535092085,0.37211981566820274,0.5555555555555556,0.9322033898305084,0.16666666666666666
ORD1509,9.57,2.565,5,Clear,Evening,6.15,Bike,3,47.8,43.4,0.474365355898457,0.09811827956989248,0.4444444444444444,0.5042372881355932,0.3333333333333333
ORD1510,8.07,2.02,2,Clear,Morning,6.5,Truck,3,43.3,82.89,0.39970134395221507,0.07718894009216591,0.1111111111111111,0.5338983050847457,0.3333333333333333
ORD1511,6.62,0.49,6,Clear,Afternoon,0.6,Van,6,49.3,61.89,0.3275261324041812,0.018433179723502304,0.5555555555555556,0.033898305084745756,0.8333333333333334
ORD1512,11.16,4.53,3,Clear,Afternoon,5.8,Bike,2,43.3,63.17,0.5535092085614735,0.17357910906298005,0.2222222222222222,0.47457627118644063,0.16666666666666666
ORD1513,7.25,5.96,8,Rain,Morning,5.0,Bike,4,53.3,66.65,0.3588850174216028,0.228494623655914,0.7777777777777778,0.4067796610169491,0.5
ORD1514,4.12,0.84,2,Rain,Night,2.1,Bike,2,21.2,35.26,0.203086112493778,0.031874039938556066,0.1111111111111111,0.1610169491525424,0.16666666666666666
ORD1515,5.19,2.47,1,Clear,Afternoon,7.9,Truck,2,29.2,84.64,0.2563464410154306,0.09447004608294933,0.0,0.6525423728813559,0.16666666666666666
ORD1516,6.04,6.43,9,Clear,Evening,11.7,Bike,3,47.2,55.23,0.2986560477849676,0.24654377880184333,0.8888888888888888,0.9745762711864406,0.3333333333333333
ORD1517,3.45,4.62,3,Clear,Night,6.8,Van,3,23.0,56.4,0.16973618715778996,0.17703533026113674,0.2222222222222222,0.559322033898305,0.3333333333333333
ORD1518,5.35,2.73,1,Clear,Night,8.6,Bike,1,14.4,41.6,0.26431060228969633,0.1044546850998464,0.0,0.711864406779661,0.0
ORD1519,4.83,3.12,7,Fog,Afternoon,1.0,Van,2,45.2,53.68,0.2384270781483325,0.11943164362519203,0.6666666666666666,0.06779661016949153,0.16666666666666666
ORD1520,7.24,2.49,10,Rain,Night,5.1,Bike,3,59.1,52.99,0.3583872573419612,0.09523809523809526,1.0,0.41525423728813554,0.3333333333333333
ORD1521,16.64,1.24,5,Rain,Night,1.6,Van,2,71.64999999999999,108.64,0.8262817322050773,0.04723502304147466,0.4444444444444444,0.11864406779661017,0.16666666666666666
ORD1522,5.57,2.91,5,Rain,Afternoon,7.4,Van,2,41.4,66.24,0.27526132404181186,0.11136712749615978,0.4444444444444444,0.6101694915254237,0.16666666666666666
ORD1523,12.39,4.09,1,Clear,Afternoon,11.3,Van,1,45.9,102.74,0.6147336983573918,0.1566820276497696,0.0,0.940677966101695,0.0
ORD1524,7.07,7.23,9,Fog,Night,8.0,Truck,2,57.6,89.67,0.34992533598805375,0.27726574500768053,0.8888888888888888,0.6610169491525423,0.16666666666666666
ORD1525,5.33,3.54,7,Rain,Evening,1.1,Bike,3,51.2,45.36,0.26331508213041316,0.13556067588325654,0.6666666666666666,0.07627118644067797,0.3333333333333333
ORD1526,3.3,5.01,8,Rain,Morning,4.4,Van,1,50.8,62.33,0.16226978596316574,0.19201228878648235,0.7777777777777778,0.3559322033898305,0.0
ORD1527,5.36,0.61,9,Rain,Night,6.7,Bike,1,36.9,40.8,0.26480836236933797,0.02304147465437788,0.8888888888888888,0.5508474576271186,0.0
ORD1528,5.14,2.17,6,Clear,Night,5.0,Bike,2,36.8,31.15,0.2538576406172225,0.08294930875576037,0.5555555555555556,0.4067796610169491,0.16666666666666666
ORD1529,2.66,0.03,5,Rain,Evening,10.0,Van,3,34.2,39.76,0.13041314086610253,0.0007680491551459292,0.4444444444444444,0.8305084745762712,0.3333333333333333
ORD1530,3.01,2.565,6,Clear,Night,9.8,Bike,2,28.6,33.77,0.14783474365355898,0.09811827956989248,0.5555555555555556,0.8135593220338984,0.16666666666666666
ORD1531,6.08,2.58,2,Clear,Night,5.449999999999999,Van,5,39.6,68.81,0.3006470881035341,0.09869431643625193,0.1111111111111111,0.44491525423728806,0.6666666666666666
ORD1532,12.32,16.82,4,Clear,Morning,4.6,Truck,3,66.8,140.34,0.6112493777999005,0.6455453149001535,0.3333333333333333,0.37288135593220334,0.3333333333333333
ORD1533,4.45,0.37,3,Fog,Morning,3.2,Bike,2,33.3,33.34,0.21951219512195122,0.013824884792626727,0.2222222222222222,0.2542372881355932,0.16666666666666666
ORD1534,1.26,1.8,7,Rain,Morning,1.4,Van,2,33.2,44.29,0.06072672971627675,0.06874039938556067,0.6666666666666666,0.10169491525423728,0.16666666666666666
ORD1535,0.46,5.63,9,Rain,Afternoon,4.4,Bike,2,30.2,23.65,0.020905923344947737,0.21582181259600616,0.8888888888888888,0.3559322033898305,0.16666666666666666
ORD1536,1.98,0.8,5,Rain,Afternoon,5.1,Bike,3,33.9,28.82,0.09656545545047288,0.03033794162826421,0.4444444444444444,0.41525423728813554,0.3333333333333333
ORD1537,7.53,2.83,6,Clear,Morning,8.2,Bike,2,35.0,54.14,0.37282229965156793,0.10829493087557605,0.5555555555555556,0.6779661016949151,0.16666666666666666
ORD1538,1.52,4.62,10,Fog,Morning,8.0,Truck,3,46.3,69.21,0.07366849178695868,0.17703533026113674,1.0,0.6610169491525423,0.3333333333333333
ORD1539,8.33,3.35,2,Clear,Afternoon,1.0,Truck,1,42.5,107.8,0.412643106022897,0.1282642089093702,0.1111111111111111,0.06779661016949153,0.0
ORD1540,7.26,0.73,3,Clear,Evening,4.9,Truck,1,29.2,83.06,0.35938277750124437,0.027649769585253454,0.2222222222222222,0.3983050847457627,0.0
ORD1541,4.34,1.54,3,Clear,Night,2.3,Truck,1,28.4,79.83,0.21403683424589348,0.0587557603686636,0.2222222222222222,0.17796610169491522,0.0
ORD1542,2.68,5.36,9,Rain,Night,2.1,Bike,4,46.3,33.08,0.13140866102538576,0.20545314900153613,0.8888888888888888,0.1610169491525424,0.5
ORD1543,3.89,2.83,7,Rain,Morning,10.0,Bike,3,37.7,47.75,0.1916376306620209,0.10829493087557605,0.6666666666666666,0.8305084745762712,0.3333333333333333
ORD1544,5.98,0.02,8,Clear,Evening,0.7,Van,1,29.5,63.14,0.295669487307118,0.00038402457757296467,0.7777777777777778,0.042372881355932195,0.0
ORD1545,1.56,5.01,10,Clear,Afternoon,5.1,Bike,2,34.3,28.82,0.07565953210552513,0.19201228878648235,1.0,0.41525423728813554,0.16666666666666666
ORD1546,11.54,0.13,9,Rain,Morning,2.2,Bike,1,64.9,65.26,0.5724240915878547,0.004608294930875577,0.8888888888888888,0.1694915254237288,0.0
ORD1547,5.94,4.79,6,Clear,Evening,10.6,Bike,2,35.2,59.44,0.29367844698855156,0.18356374807987713,0.5555555555555556,0.8813559322033898,0.16666666666666666
ORD1548,6.41,2.58,4,Clear,Evening,5.449999999999999,Van,4,45.1,59.72,0.3170731707317073,0.09869431643625193,0.3333333333333333,0.44491525423728806,0.5
ORD1549,7.22,11.1,1,Fog,Evening,2.9,Van,4,48.7,73.15,0.3573917371826779,0.42588325652841785,0.0,0.22881355932203387,0.5
ORD1550,10.84,1.61,8,Clear,Afternoon,6.1,Bike,3,61.9,67.4,0.5375808860129418,0.061443932411674354,0.7777777777777778,0.49999999999999994,0.3333333333333333
ORD1551,5.37,1.39,7,Clear,Afternoon,8.8,Bike,1,71.64999999999999,44.21,0.2653061224489796,0.052995391705069124,0.6666666666666666,0.728813559322034,0.0
ORD1552,7.53,0.56,2,Rain,Night,11.5,Van,1,45.8,70.8,0.37282229965156793,0.021121351766513058,0.1111111111111111,0.9576271186440678,0.0
ORD1553,2.72,1.28,8,Rain,Night,2.8,Van,1,40.0,51.71,0.13339970134395224,0.04877112135176651,0.7777777777777778,0.22033898305084743,0.0
ORD1554,13.92,7.32,5,Clear,Evening,10.7,Bike,2,53.9,96.3,0.6908909905425585,0.2807219662058372,0.4444444444444444,0.8898305084745762,0.16666666666666666
ORD1555,5.12,19.63,7,Fog,Evening,11.2,Van,1,54.3,77.36,0.25286212045793927,0.7534562211981566,0.6666666666666666,0.9322033898305084,0.0
ORD1556,2.71,1.61,4,Clear,Afternoon,11.0,Bike,2,20.0,25.78,0.1329019412643106,0.061443932411674354,0.3333333333333333,0.9152542372881356,0.16666666666666666
ORD1557,3.3,2.08,5,Clear,Night,7.7,Bike,2,26.1,38.29,0.16226978596316574,0.0794930875576037,0.4444444444444444,0.635593220338983,0.16666666666666666
ORD1558,0.73,4.48,8,Rain,Evening,7.6,Van,5,38.7,39.26,0.03434544549527128,0.17165898617511524,0.7777777777777778,0.6271186440677965,0.6666666666666666
ORD1559,3.29,7.61,1,Rain,Night,5.0,Van,1,26.1,52.95,0.16177202588352413,0.2918586789554532,0.0,0.4067796610169491,0.0
ORD1560,0.32,3.15,1,Clear,Night,9.1,Bike,1,5.5,33.4,0.013937282229965159,0.12058371735791092,0.0,0.7542372881355932,0.0
ORD1561,7.9,1.74,4,Rain,Evening,6.5,Van,1,52.4,62.69,0.39123942259830763,0.0664362519201229,0.3333333333333333,0.5338983050847457,0.0
ORD1562,6.28,1.86,3,Clear,Afternoon,8.2,Van,3,32.5,62.41,0.3106022896963664,0.07104454685099847,0.2222222222222222,0.6779661016949151,0.3333333333333333
ORD1563,2.08,4.16,10,Clear,Evening,5.3,Van,1,31.1,49.68,0.101543056246889,0.15937019969278035,1.0,0.43220338983050843,0.0
ORD1564,4.51,0.01,2,Clear,Evening,8.8,Van,3,31.3,60.5,0.2224987555998009,0.0,0.1111111111111111,0.728813559322034,0.3333333333333333
ORD1565,4.65,3.38,3,Rain,Night,9.9,Van,2,34.5,50.26,0.2294673967147835,0.1294162826420891,0.2222222222222222,0.8220338983050848,0.16666666666666666
ORD1566,1.72,1.54,1,Clear,Evening,1.9,Bike,3,17.1,29.61,0.08362369337979093,0.0587557603686636,0.0,0.14406779661016947,0.3333333333333333
ORD1567,3.95,5.53,1,Clear,Afternoon,10.0,Bike,1,20.3,38.43,0.1946241911398706,0.21198156682027652,0.0,0.8305084745762712,0.0
ORD1568,4.76,0.34,6,Clear,Evening,6.6,Bike,3,30.6,41.64,0.2349427575908412,0.012672811059907835,0.5555555555555556,0.5423728813559321,0.3333333333333333
ORD1569,3.87,3.11,5,Rain,Afternoon,10.2,Bike,2,34.9,34.38,0.1906421105027377,0.11904761904761905,0.4444444444444444,0.847457627118644,0.16666666666666666
ORD1570,2.7,2.3,8,Rain,Afternoon,5.3,Van,3,44.5,57.65,0.13240418118466898,0.08794162826420891,0.7777777777777778,0.43220338983050843,0.3333333333333333
ORD1571,2.01,3.6,2,Rain,Night,4.7,Van,1,24.0,44.34,0.0980587356893977,0.13786482334869432,0.1111111111111111,0.3813559322033898,0.0
ORD1572,3.77,0.23,4,Clear,Morning,11.0,Bike,2,24.4,21.87,0.18566450970632156,0.008448540706605223,0.3333333333333333,0.9152542372881356,0.16666666666666666
ORD1573,2.97,3.04,8,Clear,Morning,3.2,Bike,3,29.5,31.09,0.14584370333499255,0.1163594470046083,0.7777777777777778,0.2542372881355932,0.3333333333333333
ORD1574,6.91,2.89,6,Clear,Night,10.2,Bike,4,37.1,50.05,0.34196117471378795,0.11059907834101385,0.5555555555555556,0.847457627118644,0.5
ORD1575,11.26,2.88,1,Rain,Evening,5.9,Bike,3,46.7,75.02,0.5584868093578895,0.11021505376344087,0.0,0.4830508474576271,0.3333333333333333
ORD1576,8.59,3.24,4,Fog,Night,6.3,Van,1,43.9,69.65,0.4255848680935789,0.12403993855606761,0.3333333333333333,0.5169491525423728,0.0
ORD1577,4.87,3.95,1,Clear,Afternoon,3.8,Bike,2,19.9,38.19,0.24041811846689895,0.1513056835637481,0.0,0.30508474576271183,0.16666666666666666
ORD1578,2.79,5.72,2,Rain,Morning,7.0,Van,4,32.5,60.1,0.1368840219014435,0.21927803379416283,0.1111111111111111,0.5762711864406779,0.5
ORD1579,5.37,1.1,5,Clear,Night,4.0,Truck,3,52.7,90.22,0.2653061224489796,0.04185867895545315,0.4444444444444444,0.3220338983050847,0.3333333333333333
ORD1580,7.19,6.1,8,Clear,Evening,0.7,Bike,2,38.0,56.45,0.3558984569437531,0.2338709677419355,0.7777777777777778,0.042372881355932195,0.16666666666666666
ORD1581,10.77,2.41,8,Clear,Night,3.4,Bike,3,47.7,66.06,0.5340965654554505,0.09216589861751154,0.7777777777777778,0.27118644067796605,0.3333333333333333
ORD1582,5.37,0.28,3,Clear,Morning,0.3,Bike,1,23.1,42.06,0.2653061224489796,0.010368663594470046,0.2222222222222222,0.008474576271186439,0.0
ORD1583,13.46,0.21,4,Clear,Night,11.7,Van,1,53.8,88.1,0.6679940268790444,0.007680491551459293,0.3333333333333333,0.9745762711864406,0.0
ORD1584,5.38,1.42,10,Clear,Night,11.6,Van,4,45.3,55.09,0.2658038825286212,0.05414746543778802,1.0,0.9661016949152542,0.5
ORD1585,2.78,5.38,6,Clear,Morning,4.9,Bike,2,22.8,39.42,0.13638626182180189,0.20622119815668205,0.5555555555555556,0.3983050847457627,0.16666666666666666
ORD1586,3.2,4.3,10,Rain,Afternoon,8.8,Van,3,51.2,50.41,0.15729218516674964,0.16474654377880185,1.0,0.728813559322034,0.3333333333333333
ORD1587,6.69,5.44,3,Clear,Afternoon,4.3,Truck,2,38.2,89.46,0.3310104529616725,0.20852534562211986,0.2222222222222222,0.34745762711864403,0.16666666666666666
ORD1588,2.97,2.55,2,Clear,Morning,8.1,Bike,2,18.8,40.44,0.14584370333499255,0.09754224270353302,0.1111111111111111,0.6694915254237287,0.16666666666666666
ORD1589,13.4,2.03,6,Rain,Night,9.7,Bike,2,63.3,79.77,0.6650074664011947,0.07757296466973887,0.5555555555555556,0.8050847457627118,0.16666666666666666
ORD1590,6.32,0.56,5,Clear,Morning,11.4,Truck,4,39.4,96.22,0.31259333001493284,0.021121351766513058,0.4444444444444444,0.9491525423728814,0.5
ORD1591,4.8,1.39,10,Clear,Afternoon,4.9,Van,2,38.3,61.16,0.23693379790940766,0.052995391705069124,1.0,0.3983050847457627,0.16666666666666666
ORD1592,5.09,1.99,5,Rain,Evening,9.4,Truck,2,48.2,78.02,0.25136884021901446,0.07603686635944701,0.4444444444444444,0.7796610169491526,0.16666666666666666
ORD1593,3.84,0.32,10,Clear,Night,3.3,Van,4,43.3,52.09,0.18914883026381282,0.011904761904761906,1.0,0.2627118644067796,0.5
ORD1594,0.97,0.87,5,Clear,Afternoon,11.9,Van,1,19.1,35.3,0.04629168740666998,0.03302611367127496,0.4444444444444444,0.9915254237288136,0.0
ORD1595,3.2,3.19,10,Clear,Night,0.5,Bike,1,34.5,27.97,0.15729218516674964,0.12211981566820278,1.0,0.02542372881355932,0.0
ORD1596,12.37,4.66,5,Fog,Morning,7.3,Van,2,55.2,91.71,0.6137381781981085,0.1785714285714286,0.4444444444444444,0.6016949152542372,0.16666666666666666
ORD1597,5.48,22.42,3,Clear,Evening,8.0,Truck,1,49.0,121.55,0.2707814833250374,0.8605990783410139,0.2222222222222222,0.6610169491525423,0.0
ORD1598,9.23,9.47,7,Rain,Morning,8.3,Van,1,59.6,89.35,0.4574415131906422,0.3632872503840246,0.6666666666666666,0.6864406779661018,0.0
ORD1599,9.41,3.6,6,Clear,Evening,1.6,Bike,4,52.9,55.97,0.4664011946241912,0.13786482334869432,0.5555555555555556,0.11864406779661017,0.5
ORD1040,8.03,1.0,1,Clear,Afternoon,2.8,Truck,1,34.3,95.69,0.39771030363364857,0.038018433179723504,0.0,0.22033898305084743,0.0
